method,fullPath,module,routeFile,authenticate,permissions,integrationTests,e2eTests,verificationStatus
"GET","/api/v1/acceptance/analytics","acceptance","Backend_Fintech/src/app/modules/acceptance/routes/acceptance.routes.ts",true,"PERMISSIONS.ACCEPTANCE_ANALYTICS_READ;PERMISSIONS.MERCHANT_PORTAL_READ","","","NOT VERIFIED"
"GET","/api/v1/acceptance/top-merchants","acceptance","Backend_Fintech/src/app/modules/acceptance/routes/acceptance.routes.ts",true,"PERMISSIONS.ACCEPTANCE_ANALYTICS_READ;PERMISSIONS.MERCHANT_PORTAL_READ","","","NOT VERIFIED"
"GET","/api/v1/acceptance/failure-insights","acceptance","Backend_Fintech/src/app/modules/acceptance/routes/acceptance.routes.ts",true,"PERMISSIONS.ACCEPTANCE_ANALYTICS_READ;PERMISSIONS.MERCHANT_PORTAL_READ","","","NOT VERIFIED"
"GET","/api/v1/acceptance/merchant-portal/:merchantId","acceptance","Backend_Fintech/src/app/modules/acceptance/routes/acceptance.routes.ts",true,"PERMISSIONS.ACCEPTANCE_ANALYTICS_READ;PERMISSIONS.MERCHANT_PORTAL_READ","","","NOT VERIFIED"
"GET","/api/v1/accounting/accounts","accounting","Backend_Fintech/src/app/modules/accounting/routes/accounting.routes.ts",true,"PERMISSIONS.ACCOUNTING_READ;PERMISSIONS.ACCOUNTING_EXPORT","","","NOT VERIFIED"
"GET","/api/v1/accounting/entries","accounting","Backend_Fintech/src/app/modules/accounting/routes/accounting.routes.ts",true,"PERMISSIONS.ACCOUNTING_READ;PERMISSIONS.ACCOUNTING_EXPORT","","","NOT VERIFIED"
"GET","/api/v1/accounting/summary","accounting","Backend_Fintech/src/app/modules/accounting/routes/accounting.routes.ts",true,"PERMISSIONS.ACCOUNTING_READ;PERMISSIONS.ACCOUNTING_EXPORT","","","NOT VERIFIED"
"GET","/api/v1/accounting/export","accounting","Backend_Fintech/src/app/modules/accounting/routes/accounting.routes.ts",true,"PERMISSIONS.ACCOUNTING_READ;PERMISSIONS.ACCOUNTING_EXPORT","","","NOT VERIFIED"
"GET","/api/v1/activity/timeline","activity","Backend_Fintech/src/app/modules/activity/routes/activity.routes.ts",true,"PERMISSIONS.ACTIVITY_CENTER_READ","","","NOT VERIFIED"
"POST","/api/v1/ai/chat","ai","Backend_Fintech/src/app/modules/ai/routes/ai.routes.ts",true,"PERMISSIONS.AI_CHAT;PERMISSIONS.AI_INSIGHTS_READ","Backend_Fintech/src/__tests__/integration/auth.integration.test.ts;Backend_Fintech/src/__tests__/integration/authorization.integration.test.ts;Backend_Fintech/src/__tests__/integration/chargebacks-refunds.integration.test.ts;Backend_Fintech/src/__tests__/integration/checkout.integration.test.ts;Backend_Fintech/src/__tests__/integration/concurrency.integration.test.ts;Backend_Fintech/src/__tests__/integration/database.integration.test.ts;Backend_Fintech/src/__tests__/integration/developer-sandbox.integration.test.ts;Backend_Fintech/src/__tests__/integration/merchants.integration.test.ts;Backend_Fintech/src/__tests__/integration/negative.integration.test.ts;Backend_Fintech/src/__tests__/integration/notifications.integration.test.ts;Backend_Fintech/src/__tests__/integration/payment-transactions.integration.test.ts;Backend_Fintech/src/__tests__/integration/payments.integration.test.ts;Backend_Fintech/src/__tests__/integration/qr-payment-links.integration.test.ts;Backend_Fintech/src/__tests__/integration/reports-audit.integration.test.ts;Backend_Fintech/src/__tests__/integration/subscriptions-invoices.integration.test.ts;Backend_Fintech/src/__tests__/integration/users.integration.test.ts;Backend_Fintech/src/__tests__/integration/webhooks-workers.integration.test.ts","e2e/tests/audit.spec.ts;e2e/tests/auth.spec.ts;e2e/tests/chargebacks.spec.ts;e2e/tests/checkout.spec.ts;e2e/tests/developer-settings.spec.ts;e2e/tests/errors.spec.ts;e2e/tests/merchants.spec.ts;e2e/tests/payment-links.spec.ts;e2e/tests/payments.spec.ts;e2e/tests/qr-payments.spec.ts;e2e/tests/rbac.spec.ts;e2e/tests/reports.spec.ts;e2e/tests/responsive.spec.ts;e2e/tests/subscriptions.spec.ts;e2e/tests/users.spec.ts;e2e/tests/webhooks.spec.ts","partial-verified"
"GET","/api/v1/ai/insights/dashboard","ai","Backend_Fintech/src/app/modules/ai/routes/ai.routes.ts",true,"PERMISSIONS.AI_CHAT;PERMISSIONS.AI_INSIGHTS_READ","Backend_Fintech/src/__tests__/integration/auth.integration.test.ts;Backend_Fintech/src/__tests__/integration/authorization.integration.test.ts;Backend_Fintech/src/__tests__/integration/chargebacks-refunds.integration.test.ts;Backend_Fintech/src/__tests__/integration/checkout.integration.test.ts;Backend_Fintech/src/__tests__/integration/concurrency.integration.test.ts;Backend_Fintech/src/__tests__/integration/database.integration.test.ts;Backend_Fintech/src/__tests__/integration/developer-sandbox.integration.test.ts;Backend_Fintech/src/__tests__/integration/merchants.integration.test.ts;Backend_Fintech/src/__tests__/integration/negative.integration.test.ts;Backend_Fintech/src/__tests__/integration/notifications.integration.test.ts;Backend_Fintech/src/__tests__/integration/payment-transactions.integration.test.ts;Backend_Fintech/src/__tests__/integration/payments.integration.test.ts;Backend_Fintech/src/__tests__/integration/qr-payment-links.integration.test.ts;Backend_Fintech/src/__tests__/integration/reports-audit.integration.test.ts;Backend_Fintech/src/__tests__/integration/subscriptions-invoices.integration.test.ts;Backend_Fintech/src/__tests__/integration/users.integration.test.ts;Backend_Fintech/src/__tests__/integration/webhooks-workers.integration.test.ts","e2e/tests/audit.spec.ts;e2e/tests/auth.spec.ts;e2e/tests/chargebacks.spec.ts;e2e/tests/checkout.spec.ts;e2e/tests/developer-settings.spec.ts;e2e/tests/errors.spec.ts;e2e/tests/merchants.spec.ts;e2e/tests/payment-links.spec.ts;e2e/tests/payments.spec.ts;e2e/tests/qr-payments.spec.ts;e2e/tests/rbac.spec.ts;e2e/tests/reports.spec.ts;e2e/tests/responsive.spec.ts;e2e/tests/subscriptions.spec.ts;e2e/tests/users.spec.ts;e2e/tests/webhooks.spec.ts","partial-verified"
"GET","/api/v1/ai/insights/revenue-forecast","ai","Backend_Fintech/src/app/modules/ai/routes/ai.routes.ts",true,"PERMISSIONS.AI_CHAT;PERMISSIONS.AI_INSIGHTS_READ","Backend_Fintech/src/__tests__/integration/auth.integration.test.ts;Backend_Fintech/src/__tests__/integration/authorization.integration.test.ts;Backend_Fintech/src/__tests__/integration/chargebacks-refunds.integration.test.ts;Backend_Fintech/src/__tests__/integration/checkout.integration.test.ts;Backend_Fintech/src/__tests__/integration/concurrency.integration.test.ts;Backend_Fintech/src/__tests__/integration/database.integration.test.ts;Backend_Fintech/src/__tests__/integration/developer-sandbox.integration.test.ts;Backend_Fintech/src/__tests__/integration/merchants.integration.test.ts;Backend_Fintech/src/__tests__/integration/negative.integration.test.ts;Backend_Fintech/src/__tests__/integration/notifications.integration.test.ts;Backend_Fintech/src/__tests__/integration/payment-transactions.integration.test.ts;Backend_Fintech/src/__tests__/integration/payments.integration.test.ts;Backend_Fintech/src/__tests__/integration/qr-payment-links.integration.test.ts;Backend_Fintech/src/__tests__/integration/reports-audit.integration.test.ts;Backend_Fintech/src/__tests__/integration/subscriptions-invoices.integration.test.ts;Backend_Fintech/src/__tests__/integration/users.integration.test.ts;Backend_Fintech/src/__tests__/integration/webhooks-workers.integration.test.ts","e2e/tests/audit.spec.ts;e2e/tests/auth.spec.ts;e2e/tests/chargebacks.spec.ts;e2e/tests/checkout.spec.ts;e2e/tests/developer-settings.spec.ts;e2e/tests/errors.spec.ts;e2e/tests/merchants.spec.ts;e2e/tests/payment-links.spec.ts;e2e/tests/payments.spec.ts;e2e/tests/qr-payments.spec.ts;e2e/tests/rbac.spec.ts;e2e/tests/reports.spec.ts;e2e/tests/responsive.spec.ts;e2e/tests/subscriptions.spec.ts;e2e/tests/users.spec.ts;e2e/tests/webhooks.spec.ts","partial-verified"
"GET","/api/v1/ai/insights/settlement-forecast","ai","Backend_Fintech/src/app/modules/ai/routes/ai.routes.ts",true,"PERMISSIONS.AI_CHAT;PERMISSIONS.AI_INSIGHTS_READ","Backend_Fintech/src/__tests__/integration/auth.integration.test.ts;Backend_Fintech/src/__tests__/integration/authorization.integration.test.ts;Backend_Fintech/src/__tests__/integration/chargebacks-refunds.integration.test.ts;Backend_Fintech/src/__tests__/integration/checkout.integration.test.ts;Backend_Fintech/src/__tests__/integration/concurrency.integration.test.ts;Backend_Fintech/src/__tests__/integration/database.integration.test.ts;Backend_Fintech/src/__tests__/integration/developer-sandbox.integration.test.ts;Backend_Fintech/src/__tests__/integration/merchants.integration.test.ts;Backend_Fintech/src/__tests__/integration/negative.integration.test.ts;Backend_Fintech/src/__tests__/integration/notifications.integration.test.ts;Backend_Fintech/src/__tests__/integration/payment-transactions.integration.test.ts;Backend_Fintech/src/__tests__/integration/payments.integration.test.ts;Backend_Fintech/src/__tests__/integration/qr-payment-links.integration.test.ts;Backend_Fintech/src/__tests__/integration/reports-audit.integration.test.ts;Backend_Fintech/src/__tests__/integration/subscriptions-invoices.integration.test.ts;Backend_Fintech/src/__tests__/integration/users.integration.test.ts;Backend_Fintech/src/__tests__/integration/webhooks-workers.integration.test.ts","e2e/tests/audit.spec.ts;e2e/tests/auth.spec.ts;e2e/tests/chargebacks.spec.ts;e2e/tests/checkout.spec.ts;e2e/tests/developer-settings.spec.ts;e2e/tests/errors.spec.ts;e2e/tests/merchants.spec.ts;e2e/tests/payment-links.spec.ts;e2e/tests/payments.spec.ts;e2e/tests/qr-payments.spec.ts;e2e/tests/rbac.spec.ts;e2e/tests/reports.spec.ts;e2e/tests/responsive.spec.ts;e2e/tests/subscriptions.spec.ts;e2e/tests/users.spec.ts;e2e/tests/webhooks.spec.ts","partial-verified"
"GET","/api/v1/ai/insights/merchant-health","ai","Backend_Fintech/src/app/modules/ai/routes/ai.routes.ts",true,"PERMISSIONS.AI_CHAT;PERMISSIONS.AI_INSIGHTS_READ","Backend_Fintech/src/__tests__/integration/auth.integration.test.ts;Backend_Fintech/src/__tests__/integration/authorization.integration.test.ts;Backend_Fintech/src/__tests__/integration/chargebacks-refunds.integration.test.ts;Backend_Fintech/src/__tests__/integration/checkout.integration.test.ts;Backend_Fintech/src/__tests__/integration/concurrency.integration.test.ts;Backend_Fintech/src/__tests__/integration/database.integration.test.ts;Backend_Fintech/src/__tests__/integration/developer-sandbox.integration.test.ts;Backend_Fintech/src/__tests__/integration/merchants.integration.test.ts;Backend_Fintech/src/__tests__/integration/negative.integration.test.ts;Backend_Fintech/src/__tests__/integration/notifications.integration.test.ts;Backend_Fintech/src/__tests__/integration/payment-transactions.integration.test.ts;Backend_Fintech/src/__tests__/integration/payments.integration.test.ts;Backend_Fintech/src/__tests__/integration/qr-payment-links.integration.test.ts;Backend_Fintech/src/__tests__/integration/reports-audit.integration.test.ts;Backend_Fintech/src/__tests__/integration/subscriptions-invoices.integration.test.ts;Backend_Fintech/src/__tests__/integration/users.integration.test.ts;Backend_Fintech/src/__tests__/integration/webhooks-workers.integration.test.ts","e2e/tests/audit.spec.ts;e2e/tests/auth.spec.ts;e2e/tests/chargebacks.spec.ts;e2e/tests/checkout.spec.ts;e2e/tests/developer-settings.spec.ts;e2e/tests/errors.spec.ts;e2e/tests/merchants.spec.ts;e2e/tests/payment-links.spec.ts;e2e/tests/payments.spec.ts;e2e/tests/qr-payments.spec.ts;e2e/tests/rbac.spec.ts;e2e/tests/reports.spec.ts;e2e/tests/responsive.spec.ts;e2e/tests/subscriptions.spec.ts;e2e/tests/users.spec.ts;e2e/tests/webhooks.spec.ts","partial-verified"
"GET","/api/v1/ai/insights/fraud-prediction","ai","Backend_Fintech/src/app/modules/ai/routes/ai.routes.ts",true,"PERMISSIONS.AI_CHAT;PERMISSIONS.AI_INSIGHTS_READ","Backend_Fintech/src/__tests__/integration/auth.integration.test.ts;Backend_Fintech/src/__tests__/integration/authorization.integration.test.ts;Backend_Fintech/src/__tests__/integration/chargebacks-refunds.integration.test.ts;Backend_Fintech/src/__tests__/integration/checkout.integration.test.ts;Backend_Fintech/src/__tests__/integration/concurrency.integration.test.ts;Backend_Fintech/src/__tests__/integration/database.integration.test.ts;Backend_Fintech/src/__tests__/integration/developer-sandbox.integration.test.ts;Backend_Fintech/src/__tests__/integration/merchants.integration.test.ts;Backend_Fintech/src/__tests__/integration/negative.integration.test.ts;Backend_Fintech/src/__tests__/integration/notifications.integration.test.ts;Backend_Fintech/src/__tests__/integration/payment-transactions.integration.test.ts;Backend_Fintech/src/__tests__/integration/payments.integration.test.ts;Backend_Fintech/src/__tests__/integration/qr-payment-links.integration.test.ts;Backend_Fintech/src/__tests__/integration/reports-audit.integration.test.ts;Backend_Fintech/src/__tests__/integration/subscriptions-invoices.integration.test.ts;Backend_Fintech/src/__tests__/integration/users.integration.test.ts;Backend_Fintech/src/__tests__/integration/webhooks-workers.integration.test.ts","e2e/tests/audit.spec.ts;e2e/tests/auth.spec.ts;e2e/tests/chargebacks.spec.ts;e2e/tests/checkout.spec.ts;e2e/tests/developer-settings.spec.ts;e2e/tests/errors.spec.ts;e2e/tests/merchants.spec.ts;e2e/tests/payment-links.spec.ts;e2e/tests/payments.spec.ts;e2e/tests/qr-payments.spec.ts;e2e/tests/rbac.spec.ts;e2e/tests/reports.spec.ts;e2e/tests/responsive.spec.ts;e2e/tests/subscriptions.spec.ts;e2e/tests/users.spec.ts;e2e/tests/webhooks.spec.ts","partial-verified"
"POST","/api/v1/ai/search","ai","Backend_Fintech/src/app/modules/ai/routes/ai.routes.ts",true,"PERMISSIONS.AI_CHAT;PERMISSIONS.AI_INSIGHTS_READ","Backend_Fintech/src/__tests__/integration/auth.integration.test.ts;Backend_Fintech/src/__tests__/integration/authorization.integration.test.ts;Backend_Fintech/src/__tests__/integration/chargebacks-refunds.integration.test.ts;Backend_Fintech/src/__tests__/integration/checkout.integration.test.ts;Backend_Fintech/src/__tests__/integration/concurrency.integration.test.ts;Backend_Fintech/src/__tests__/integration/database.integration.test.ts;Backend_Fintech/src/__tests__/integration/developer-sandbox.integration.test.ts;Backend_Fintech/src/__tests__/integration/merchants.integration.test.ts;Backend_Fintech/src/__tests__/integration/negative.integration.test.ts;Backend_Fintech/src/__tests__/integration/notifications.integration.test.ts;Backend_Fintech/src/__tests__/integration/payment-transactions.integration.test.ts;Backend_Fintech/src/__tests__/integration/payments.integration.test.ts;Backend_Fintech/src/__tests__/integration/qr-payment-links.integration.test.ts;Backend_Fintech/src/__tests__/integration/reports-audit.integration.test.ts;Backend_Fintech/src/__tests__/integration/subscriptions-invoices.integration.test.ts;Backend_Fintech/src/__tests__/integration/users.integration.test.ts;Backend_Fintech/src/__tests__/integration/webhooks-workers.integration.test.ts","e2e/tests/audit.spec.ts;e2e/tests/auth.spec.ts;e2e/tests/chargebacks.spec.ts;e2e/tests/checkout.spec.ts;e2e/tests/developer-settings.spec.ts;e2e/tests/errors.spec.ts;e2e/tests/merchants.spec.ts;e2e/tests/payment-links.spec.ts;e2e/tests/payments.spec.ts;e2e/tests/qr-payments.spec.ts;e2e/tests/rbac.spec.ts;e2e/tests/reports.spec.ts;e2e/tests/responsive.spec.ts;e2e/tests/subscriptions.spec.ts;e2e/tests/users.spec.ts;e2e/tests/webhooks.spec.ts","partial-verified"
"GET","/api/v1/audit/","audit","Backend_Fintech/src/app/modules/audit/routes/audit.routes.ts",true,"PERMISSIONS.AUDIT_READ;PERMISSIONS.AUDIT_EXPORT","Backend_Fintech/src/__tests__/integration/database.integration.test.ts;Backend_Fintech/src/__tests__/integration/reports-audit.integration.test.ts","e2e/tests/audit.spec.ts","partial-verified"
"GET","/api/v1/audit/export","audit","Backend_Fintech/src/app/modules/audit/routes/audit.routes.ts",true,"PERMISSIONS.AUDIT_READ;PERMISSIONS.AUDIT_EXPORT","Backend_Fintech/src/__tests__/integration/database.integration.test.ts;Backend_Fintech/src/__tests__/integration/reports-audit.integration.test.ts","e2e/tests/audit.spec.ts","partial-verified"
"GET","/api/v1/audit/categories","audit","Backend_Fintech/src/app/modules/audit/routes/audit.routes.ts",true,"PERMISSIONS.AUDIT_READ;PERMISSIONS.AUDIT_EXPORT","Backend_Fintech/src/__tests__/integration/database.integration.test.ts;Backend_Fintech/src/__tests__/integration/reports-audit.integration.test.ts","e2e/tests/audit.spec.ts","partial-verified"
"GET","/api/v1/audit/actions","audit","Backend_Fintech/src/app/modules/audit/routes/audit.routes.ts",true,"PERMISSIONS.AUDIT_READ;PERMISSIONS.AUDIT_EXPORT","Backend_Fintech/src/__tests__/integration/database.integration.test.ts;Backend_Fintech/src/__tests__/integration/reports-audit.integration.test.ts","e2e/tests/audit.spec.ts","partial-verified"
"GET","/api/v1/audit/api-logs","audit","Backend_Fintech/src/app/modules/audit/routes/audit.routes.ts",true,"PERMISSIONS.AUDIT_READ;PERMISSIONS.AUDIT_EXPORT","Backend_Fintech/src/__tests__/integration/database.integration.test.ts;Backend_Fintech/src/__tests__/integration/reports-audit.integration.test.ts","e2e/tests/audit.spec.ts","partial-verified"
"GET","/api/v1/audit/webhook-logs","audit","Backend_Fintech/src/app/modules/audit/routes/audit.routes.ts",true,"PERMISSIONS.AUDIT_READ;PERMISSIONS.AUDIT_EXPORT","Backend_Fintech/src/__tests__/integration/database.integration.test.ts;Backend_Fintech/src/__tests__/integration/reports-audit.integration.test.ts","e2e/tests/audit.spec.ts","partial-verified"
"GET","/api/v1/audit/:id","audit","Backend_Fintech/src/app/modules/audit/routes/audit.routes.ts",true,"PERMISSIONS.AUDIT_READ;PERMISSIONS.AUDIT_EXPORT","Backend_Fintech/src/__tests__/integration/database.integration.test.ts;Backend_Fintech/src/__tests__/integration/reports-audit.integration.test.ts","e2e/tests/audit.spec.ts","partial-verified"
"GET","/api/auth/csrf-token","auth","Backend_Fintech/src/app/modules/auth/routes/auth.routes.ts",true,"","Backend_Fintech/src/__tests__/integration/auth.integration.test.ts;Backend_Fintech/src/__tests__/integration/authorization.integration.test.ts;Backend_Fintech/src/__tests__/integration/chargebacks-refunds.integration.test.ts;Backend_Fintech/src/__tests__/integration/checkout.integration.test.ts;Backend_Fintech/src/__tests__/integration/concurrency.integration.test.ts;Backend_Fintech/src/__tests__/integration/developer-sandbox.integration.test.ts;Backend_Fintech/src/__tests__/integration/merchants.integration.test.ts;Backend_Fintech/src/__tests__/integration/negative.integration.test.ts;Backend_Fintech/src/__tests__/integration/notifications.integration.test.ts;Backend_Fintech/src/__tests__/integration/payment-transactions.integration.test.ts;Backend_Fintech/src/__tests__/integration/payments.integration.test.ts;Backend_Fintech/src/__tests__/integration/qr-payment-links.integration.test.ts;Backend_Fintech/src/__tests__/integration/reports-audit.integration.test.ts;Backend_Fintech/src/__tests__/integration/subscriptions-invoices.integration.test.ts;Backend_Fintech/src/__tests__/integration/users.integration.test.ts;Backend_Fintech/src/__tests__/integration/webhooks-workers.integration.test.ts","e2e/tests/audit.spec.ts;e2e/tests/auth.spec.ts;e2e/tests/chargebacks.spec.ts;e2e/tests/checkout.spec.ts;e2e/tests/developer-settings.spec.ts;e2e/tests/errors.spec.ts;e2e/tests/merchants.spec.ts;e2e/tests/payment-links.spec.ts;e2e/tests/payments.spec.ts;e2e/tests/qr-payments.spec.ts;e2e/tests/rbac.spec.ts;e2e/tests/reports.spec.ts;e2e/tests/responsive.spec.ts;e2e/tests/subscriptions.spec.ts;e2e/tests/users.spec.ts;e2e/tests/webhooks.spec.ts","partial-verified"
"POST","/api/auth/login","auth","Backend_Fintech/src/app/modules/auth/routes/auth.routes.ts",true,"","Backend_Fintech/src/__tests__/integration/auth.integration.test.ts;Backend_Fintech/src/__tests__/integration/authorization.integration.test.ts;Backend_Fintech/src/__tests__/integration/chargebacks-refunds.integration.test.ts;Backend_Fintech/src/__tests__/integration/checkout.integration.test.ts;Backend_Fintech/src/__tests__/integration/concurrency.integration.test.ts;Backend_Fintech/src/__tests__/integration/developer-sandbox.integration.test.ts;Backend_Fintech/src/__tests__/integration/merchants.integration.test.ts;Backend_Fintech/src/__tests__/integration/negative.integration.test.ts;Backend_Fintech/src/__tests__/integration/notifications.integration.test.ts;Backend_Fintech/src/__tests__/integration/payment-transactions.integration.test.ts;Backend_Fintech/src/__tests__/integration/payments.integration.test.ts;Backend_Fintech/src/__tests__/integration/qr-payment-links.integration.test.ts;Backend_Fintech/src/__tests__/integration/reports-audit.integration.test.ts;Backend_Fintech/src/__tests__/integration/subscriptions-invoices.integration.test.ts;Backend_Fintech/src/__tests__/integration/users.integration.test.ts;Backend_Fintech/src/__tests__/integration/webhooks-workers.integration.test.ts","e2e/tests/audit.spec.ts;e2e/tests/auth.spec.ts;e2e/tests/chargebacks.spec.ts;e2e/tests/checkout.spec.ts;e2e/tests/developer-settings.spec.ts;e2e/tests/errors.spec.ts;e2e/tests/merchants.spec.ts;e2e/tests/payment-links.spec.ts;e2e/tests/payments.spec.ts;e2e/tests/qr-payments.spec.ts;e2e/tests/rbac.spec.ts;e2e/tests/reports.spec.ts;e2e/tests/responsive.spec.ts;e2e/tests/subscriptions.spec.ts;e2e/tests/users.spec.ts;e2e/tests/webhooks.spec.ts","partial-verified"
"POST","/api/auth/verify-otp","auth","Backend_Fintech/src/app/modules/auth/routes/auth.routes.ts",true,"","Backend_Fintech/src/__tests__/integration/auth.integration.test.ts;Backend_Fintech/src/__tests__/integration/authorization.integration.test.ts;Backend_Fintech/src/__tests__/integration/chargebacks-refunds.integration.test.ts;Backend_Fintech/src/__tests__/integration/checkout.integration.test.ts;Backend_Fintech/src/__tests__/integration/concurrency.integration.test.ts;Backend_Fintech/src/__tests__/integration/developer-sandbox.integration.test.ts;Backend_Fintech/src/__tests__/integration/merchants.integration.test.ts;Backend_Fintech/src/__tests__/integration/negative.integration.test.ts;Backend_Fintech/src/__tests__/integration/notifications.integration.test.ts;Backend_Fintech/src/__tests__/integration/payment-transactions.integration.test.ts;Backend_Fintech/src/__tests__/integration/payments.integration.test.ts;Backend_Fintech/src/__tests__/integration/qr-payment-links.integration.test.ts;Backend_Fintech/src/__tests__/integration/reports-audit.integration.test.ts;Backend_Fintech/src/__tests__/integration/subscriptions-invoices.integration.test.ts;Backend_Fintech/src/__tests__/integration/users.integration.test.ts;Backend_Fintech/src/__tests__/integration/webhooks-workers.integration.test.ts","e2e/tests/audit.spec.ts;e2e/tests/auth.spec.ts;e2e/tests/chargebacks.spec.ts;e2e/tests/checkout.spec.ts;e2e/tests/developer-settings.spec.ts;e2e/tests/errors.spec.ts;e2e/tests/merchants.spec.ts;e2e/tests/payment-links.spec.ts;e2e/tests/payments.spec.ts;e2e/tests/qr-payments.spec.ts;e2e/tests/rbac.spec.ts;e2e/tests/reports.spec.ts;e2e/tests/responsive.spec.ts;e2e/tests/subscriptions.spec.ts;e2e/tests/users.spec.ts;e2e/tests/webhooks.spec.ts","partial-verified"
"POST","/api/auth/resend-otp","auth","Backend_Fintech/src/app/modules/auth/routes/auth.routes.ts",true,"","Backend_Fintech/src/__tests__/integration/auth.integration.test.ts;Backend_Fintech/src/__tests__/integration/authorization.integration.test.ts;Backend_Fintech/src/__tests__/integration/chargebacks-refunds.integration.test.ts;Backend_Fintech/src/__tests__/integration/checkout.integration.test.ts;Backend_Fintech/src/__tests__/integration/concurrency.integration.test.ts;Backend_Fintech/src/__tests__/integration/developer-sandbox.integration.test.ts;Backend_Fintech/src/__tests__/integration/merchants.integration.test.ts;Backend_Fintech/src/__tests__/integration/negative.integration.test.ts;Backend_Fintech/src/__tests__/integration/notifications.integration.test.ts;Backend_Fintech/src/__tests__/integration/payment-transactions.integration.test.ts;Backend_Fintech/src/__tests__/integration/payments.integration.test.ts;Backend_Fintech/src/__tests__/integration/qr-payment-links.integration.test.ts;Backend_Fintech/src/__tests__/integration/reports-audit.integration.test.ts;Backend_Fintech/src/__tests__/integration/subscriptions-invoices.integration.test.ts;Backend_Fintech/src/__tests__/integration/users.integration.test.ts;Backend_Fintech/src/__tests__/integration/webhooks-workers.integration.test.ts","e2e/tests/audit.spec.ts;e2e/tests/auth.spec.ts;e2e/tests/chargebacks.spec.ts;e2e/tests/checkout.spec.ts;e2e/tests/developer-settings.spec.ts;e2e/tests/errors.spec.ts;e2e/tests/merchants.spec.ts;e2e/tests/payment-links.spec.ts;e2e/tests/payments.spec.ts;e2e/tests/qr-payments.spec.ts;e2e/tests/rbac.spec.ts;e2e/tests/reports.spec.ts;e2e/tests/responsive.spec.ts;e2e/tests/subscriptions.spec.ts;e2e/tests/users.spec.ts;e2e/tests/webhooks.spec.ts","partial-verified"
"POST","/api/auth/forgot-password","auth","Backend_Fintech/src/app/modules/auth/routes/auth.routes.ts",true,"","Backend_Fintech/src/__tests__/integration/auth.integration.test.ts;Backend_Fintech/src/__tests__/integration/authorization.integration.test.ts;Backend_Fintech/src/__tests__/integration/chargebacks-refunds.integration.test.ts;Backend_Fintech/src/__tests__/integration/checkout.integration.test.ts;Backend_Fintech/src/__tests__/integration/concurrency.integration.test.ts;Backend_Fintech/src/__tests__/integration/developer-sandbox.integration.test.ts;Backend_Fintech/src/__tests__/integration/merchants.integration.test.ts;Backend_Fintech/src/__tests__/integration/negative.integration.test.ts;Backend_Fintech/src/__tests__/integration/notifications.integration.test.ts;Backend_Fintech/src/__tests__/integration/payment-transactions.integration.test.ts;Backend_Fintech/src/__tests__/integration/payments.integration.test.ts;Backend_Fintech/src/__tests__/integration/qr-payment-links.integration.test.ts;Backend_Fintech/src/__tests__/integration/reports-audit.integration.test.ts;Backend_Fintech/src/__tests__/integration/subscriptions-invoices.integration.test.ts;Backend_Fintech/src/__tests__/integration/users.integration.test.ts;Backend_Fintech/src/__tests__/integration/webhooks-workers.integration.test.ts","e2e/tests/audit.spec.ts;e2e/tests/auth.spec.ts;e2e/tests/chargebacks.spec.ts;e2e/tests/checkout.spec.ts;e2e/tests/developer-settings.spec.ts;e2e/tests/errors.spec.ts;e2e/tests/merchants.spec.ts;e2e/tests/payment-links.spec.ts;e2e/tests/payments.spec.ts;e2e/tests/qr-payments.spec.ts;e2e/tests/rbac.spec.ts;e2e/tests/reports.spec.ts;e2e/tests/responsive.spec.ts;e2e/tests/subscriptions.spec.ts;e2e/tests/users.spec.ts;e2e/tests/webhooks.spec.ts","partial-verified"
"POST","/api/auth/reset-password","auth","Backend_Fintech/src/app/modules/auth/routes/auth.routes.ts",true,"","Backend_Fintech/src/__tests__/integration/auth.integration.test.ts;Backend_Fintech/src/__tests__/integration/authorization.integration.test.ts;Backend_Fintech/src/__tests__/integration/chargebacks-refunds.integration.test.ts;Backend_Fintech/src/__tests__/integration/checkout.integration.test.ts;Backend_Fintech/src/__tests__/integration/concurrency.integration.test.ts;Backend_Fintech/src/__tests__/integration/developer-sandbox.integration.test.ts;Backend_Fintech/src/__tests__/integration/merchants.integration.test.ts;Backend_Fintech/src/__tests__/integration/negative.integration.test.ts;Backend_Fintech/src/__tests__/integration/notifications.integration.test.ts;Backend_Fintech/src/__tests__/integration/payment-transactions.integration.test.ts;Backend_Fintech/src/__tests__/integration/payments.integration.test.ts;Backend_Fintech/src/__tests__/integration/qr-payment-links.integration.test.ts;Backend_Fintech/src/__tests__/integration/reports-audit.integration.test.ts;Backend_Fintech/src/__tests__/integration/subscriptions-invoices.integration.test.ts;Backend_Fintech/src/__tests__/integration/users.integration.test.ts;Backend_Fintech/src/__tests__/integration/webhooks-workers.integration.test.ts","e2e/tests/audit.spec.ts;e2e/tests/auth.spec.ts;e2e/tests/chargebacks.spec.ts;e2e/tests/checkout.spec.ts;e2e/tests/developer-settings.spec.ts;e2e/tests/errors.spec.ts;e2e/tests/merchants.spec.ts;e2e/tests/payment-links.spec.ts;e2e/tests/payments.spec.ts;e2e/tests/qr-payments.spec.ts;e2e/tests/rbac.spec.ts;e2e/tests/reports.spec.ts;e2e/tests/responsive.spec.ts;e2e/tests/subscriptions.spec.ts;e2e/tests/users.spec.ts;e2e/tests/webhooks.spec.ts","partial-verified"
"POST","/api/auth/refresh-token","auth","Backend_Fintech/src/app/modules/auth/routes/auth.routes.ts",true,"","Backend_Fintech/src/__tests__/integration/auth.integration.test.ts;Backend_Fintech/src/__tests__/integration/authorization.integration.test.ts;Backend_Fintech/src/__tests__/integration/chargebacks-refunds.integration.test.ts;Backend_Fintech/src/__tests__/integration/checkout.integration.test.ts;Backend_Fintech/src/__tests__/integration/concurrency.integration.test.ts;Backend_Fintech/src/__tests__/integration/developer-sandbox.integration.test.ts;Backend_Fintech/src/__tests__/integration/merchants.integration.test.ts;Backend_Fintech/src/__tests__/integration/negative.integration.test.ts;Backend_Fintech/src/__tests__/integration/notifications.integration.test.ts;Backend_Fintech/src/__tests__/integration/payment-transactions.integration.test.ts;Backend_Fintech/src/__tests__/integration/payments.integration.test.ts;Backend_Fintech/src/__tests__/integration/qr-payment-links.integration.test.ts;Backend_Fintech/src/__tests__/integration/reports-audit.integration.test.ts;Backend_Fintech/src/__tests__/integration/subscriptions-invoices.integration.test.ts;Backend_Fintech/src/__tests__/integration/users.integration.test.ts;Backend_Fintech/src/__tests__/integration/webhooks-workers.integration.test.ts","e2e/tests/audit.spec.ts;e2e/tests/auth.spec.ts;e2e/tests/chargebacks.spec.ts;e2e/tests/checkout.spec.ts;e2e/tests/developer-settings.spec.ts;e2e/tests/errors.spec.ts;e2e/tests/merchants.spec.ts;e2e/tests/payment-links.spec.ts;e2e/tests/payments.spec.ts;e2e/tests/qr-payments.spec.ts;e2e/tests/rbac.spec.ts;e2e/tests/reports.spec.ts;e2e/tests/responsive.spec.ts;e2e/tests/subscriptions.spec.ts;e2e/tests/users.spec.ts;e2e/tests/webhooks.spec.ts","partial-verified"
"POST","/api/auth/select-organization","auth","Backend_Fintech/src/app/modules/auth/routes/auth.routes.ts",true,"","Backend_Fintech/src/__tests__/integration/auth.integration.test.ts;Backend_Fintech/src/__tests__/integration/authorization.integration.test.ts;Backend_Fintech/src/__tests__/integration/chargebacks-refunds.integration.test.ts;Backend_Fintech/src/__tests__/integration/checkout.integration.test.ts;Backend_Fintech/src/__tests__/integration/concurrency.integration.test.ts;Backend_Fintech/src/__tests__/integration/developer-sandbox.integration.test.ts;Backend_Fintech/src/__tests__/integration/merchants.integration.test.ts;Backend_Fintech/src/__tests__/integration/negative.integration.test.ts;Backend_Fintech/src/__tests__/integration/notifications.integration.test.ts;Backend_Fintech/src/__tests__/integration/payment-transactions.integration.test.ts;Backend_Fintech/src/__tests__/integration/payments.integration.test.ts;Backend_Fintech/src/__tests__/integration/qr-payment-links.integration.test.ts;Backend_Fintech/src/__tests__/integration/reports-audit.integration.test.ts;Backend_Fintech/src/__tests__/integration/subscriptions-invoices.integration.test.ts;Backend_Fintech/src/__tests__/integration/users.integration.test.ts;Backend_Fintech/src/__tests__/integration/webhooks-workers.integration.test.ts","e2e/tests/audit.spec.ts;e2e/tests/auth.spec.ts;e2e/tests/chargebacks.spec.ts;e2e/tests/checkout.spec.ts;e2e/tests/developer-settings.spec.ts;e2e/tests/errors.spec.ts;e2e/tests/merchants.spec.ts;e2e/tests/payment-links.spec.ts;e2e/tests/payments.spec.ts;e2e/tests/qr-payments.spec.ts;e2e/tests/rbac.spec.ts;e2e/tests/reports.spec.ts;e2e/tests/responsive.spec.ts;e2e/tests/subscriptions.spec.ts;e2e/tests/users.spec.ts;e2e/tests/webhooks.spec.ts","partial-verified"
"POST","/api/auth/logout","auth","Backend_Fintech/src/app/modules/auth/routes/auth.routes.ts",true,"","Backend_Fintech/src/__tests__/integration/auth.integration.test.ts;Backend_Fintech/src/__tests__/integration/authorization.integration.test.ts;Backend_Fintech/src/__tests__/integration/chargebacks-refunds.integration.test.ts;Backend_Fintech/src/__tests__/integration/checkout.integration.test.ts;Backend_Fintech/src/__tests__/integration/concurrency.integration.test.ts;Backend_Fintech/src/__tests__/integration/developer-sandbox.integration.test.ts;Backend_Fintech/src/__tests__/integration/merchants.integration.test.ts;Backend_Fintech/src/__tests__/integration/negative.integration.test.ts;Backend_Fintech/src/__tests__/integration/notifications.integration.test.ts;Backend_Fintech/src/__tests__/integration/payment-transactions.integration.test.ts;Backend_Fintech/src/__tests__/integration/payments.integration.test.ts;Backend_Fintech/src/__tests__/integration/qr-payment-links.integration.test.ts;Backend_Fintech/src/__tests__/integration/reports-audit.integration.test.ts;Backend_Fintech/src/__tests__/integration/subscriptions-invoices.integration.test.ts;Backend_Fintech/src/__tests__/integration/users.integration.test.ts;Backend_Fintech/src/__tests__/integration/webhooks-workers.integration.test.ts","e2e/tests/audit.spec.ts;e2e/tests/auth.spec.ts;e2e/tests/chargebacks.spec.ts;e2e/tests/checkout.spec.ts;e2e/tests/developer-settings.spec.ts;e2e/tests/errors.spec.ts;e2e/tests/merchants.spec.ts;e2e/tests/payment-links.spec.ts;e2e/tests/payments.spec.ts;e2e/tests/qr-payments.spec.ts;e2e/tests/rbac.spec.ts;e2e/tests/reports.spec.ts;e2e/tests/responsive.spec.ts;e2e/tests/subscriptions.spec.ts;e2e/tests/users.spec.ts;e2e/tests/webhooks.spec.ts","partial-verified"
"GET","/api/auth/me","auth","Backend_Fintech/src/app/modules/auth/routes/auth.routes.ts",true,"","Backend_Fintech/src/__tests__/integration/auth.integration.test.ts;Backend_Fintech/src/__tests__/integration/authorization.integration.test.ts;Backend_Fintech/src/__tests__/integration/chargebacks-refunds.integration.test.ts;Backend_Fintech/src/__tests__/integration/checkout.integration.test.ts;Backend_Fintech/src/__tests__/integration/concurrency.integration.test.ts;Backend_Fintech/src/__tests__/integration/developer-sandbox.integration.test.ts;Backend_Fintech/src/__tests__/integration/merchants.integration.test.ts;Backend_Fintech/src/__tests__/integration/negative.integration.test.ts;Backend_Fintech/src/__tests__/integration/notifications.integration.test.ts;Backend_Fintech/src/__tests__/integration/payment-transactions.integration.test.ts;Backend_Fintech/src/__tests__/integration/payments.integration.test.ts;Backend_Fintech/src/__tests__/integration/qr-payment-links.integration.test.ts;Backend_Fintech/src/__tests__/integration/reports-audit.integration.test.ts;Backend_Fintech/src/__tests__/integration/subscriptions-invoices.integration.test.ts;Backend_Fintech/src/__tests__/integration/users.integration.test.ts;Backend_Fintech/src/__tests__/integration/webhooks-workers.integration.test.ts","e2e/tests/audit.spec.ts;e2e/tests/auth.spec.ts;e2e/tests/chargebacks.spec.ts;e2e/tests/checkout.spec.ts;e2e/tests/developer-settings.spec.ts;e2e/tests/errors.spec.ts;e2e/tests/merchants.spec.ts;e2e/tests/payment-links.spec.ts;e2e/tests/payments.spec.ts;e2e/tests/qr-payments.spec.ts;e2e/tests/rbac.spec.ts;e2e/tests/reports.spec.ts;e2e/tests/responsive.spec.ts;e2e/tests/subscriptions.spec.ts;e2e/tests/users.spec.ts;e2e/tests/webhooks.spec.ts","partial-verified"
"GET","/api/auth/sessions","auth","Backend_Fintech/src/app/modules/auth/routes/auth.routes.ts",true,"","Backend_Fintech/src/__tests__/integration/auth.integration.test.ts;Backend_Fintech/src/__tests__/integration/authorization.integration.test.ts;Backend_Fintech/src/__tests__/integration/chargebacks-refunds.integration.test.ts;Backend_Fintech/src/__tests__/integration/checkout.integration.test.ts;Backend_Fintech/src/__tests__/integration/concurrency.integration.test.ts;Backend_Fintech/src/__tests__/integration/developer-sandbox.integration.test.ts;Backend_Fintech/src/__tests__/integration/merchants.integration.test.ts;Backend_Fintech/src/__tests__/integration/negative.integration.test.ts;Backend_Fintech/src/__tests__/integration/notifications.integration.test.ts;Backend_Fintech/src/__tests__/integration/payment-transactions.integration.test.ts;Backend_Fintech/src/__tests__/integration/payments.integration.test.ts;Backend_Fintech/src/__tests__/integration/qr-payment-links.integration.test.ts;Backend_Fintech/src/__tests__/integration/reports-audit.integration.test.ts;Backend_Fintech/src/__tests__/integration/subscriptions-invoices.integration.test.ts;Backend_Fintech/src/__tests__/integration/users.integration.test.ts;Backend_Fintech/src/__tests__/integration/webhooks-workers.integration.test.ts","e2e/tests/audit.spec.ts;e2e/tests/auth.spec.ts;e2e/tests/chargebacks.spec.ts;e2e/tests/checkout.spec.ts;e2e/tests/developer-settings.spec.ts;e2e/tests/errors.spec.ts;e2e/tests/merchants.spec.ts;e2e/tests/payment-links.spec.ts;e2e/tests/payments.spec.ts;e2e/tests/qr-payments.spec.ts;e2e/tests/rbac.spec.ts;e2e/tests/reports.spec.ts;e2e/tests/responsive.spec.ts;e2e/tests/subscriptions.spec.ts;e2e/tests/users.spec.ts;e2e/tests/webhooks.spec.ts","partial-verified"
"DELETE","/api/auth/sessions/others","auth","Backend_Fintech/src/app/modules/auth/routes/auth.routes.ts",true,"","Backend_Fintech/src/__tests__/integration/auth.integration.test.ts;Backend_Fintech/src/__tests__/integration/authorization.integration.test.ts;Backend_Fintech/src/__tests__/integration/chargebacks-refunds.integration.test.ts;Backend_Fintech/src/__tests__/integration/checkout.integration.test.ts;Backend_Fintech/src/__tests__/integration/concurrency.integration.test.ts;Backend_Fintech/src/__tests__/integration/developer-sandbox.integration.test.ts;Backend_Fintech/src/__tests__/integration/merchants.integration.test.ts;Backend_Fintech/src/__tests__/integration/negative.integration.test.ts;Backend_Fintech/src/__tests__/integration/notifications.integration.test.ts;Backend_Fintech/src/__tests__/integration/payment-transactions.integration.test.ts;Backend_Fintech/src/__tests__/integration/payments.integration.test.ts;Backend_Fintech/src/__tests__/integration/qr-payment-links.integration.test.ts;Backend_Fintech/src/__tests__/integration/reports-audit.integration.test.ts;Backend_Fintech/src/__tests__/integration/subscriptions-invoices.integration.test.ts;Backend_Fintech/src/__tests__/integration/users.integration.test.ts;Backend_Fintech/src/__tests__/integration/webhooks-workers.integration.test.ts","e2e/tests/audit.spec.ts;e2e/tests/auth.spec.ts;e2e/tests/chargebacks.spec.ts;e2e/tests/checkout.spec.ts;e2e/tests/developer-settings.spec.ts;e2e/tests/errors.spec.ts;e2e/tests/merchants.spec.ts;e2e/tests/payment-links.spec.ts;e2e/tests/payments.spec.ts;e2e/tests/qr-payments.spec.ts;e2e/tests/rbac.spec.ts;e2e/tests/reports.spec.ts;e2e/tests/responsive.spec.ts;e2e/tests/subscriptions.spec.ts;e2e/tests/users.spec.ts;e2e/tests/webhooks.spec.ts","partial-verified"
"DELETE","/api/auth/session/:id","auth","Backend_Fintech/src/app/modules/auth/routes/auth.routes.ts",true,"","Backend_Fintech/src/__tests__/integration/auth.integration.test.ts;Backend_Fintech/src/__tests__/integration/authorization.integration.test.ts;Backend_Fintech/src/__tests__/integration/chargebacks-refunds.integration.test.ts;Backend_Fintech/src/__tests__/integration/checkout.integration.test.ts;Backend_Fintech/src/__tests__/integration/concurrency.integration.test.ts;Backend_Fintech/src/__tests__/integration/developer-sandbox.integration.test.ts;Backend_Fintech/src/__tests__/integration/merchants.integration.test.ts;Backend_Fintech/src/__tests__/integration/negative.integration.test.ts;Backend_Fintech/src/__tests__/integration/notifications.integration.test.ts;Backend_Fintech/src/__tests__/integration/payment-transactions.integration.test.ts;Backend_Fintech/src/__tests__/integration/payments.integration.test.ts;Backend_Fintech/src/__tests__/integration/qr-payment-links.integration.test.ts;Backend_Fintech/src/__tests__/integration/reports-audit.integration.test.ts;Backend_Fintech/src/__tests__/integration/subscriptions-invoices.integration.test.ts;Backend_Fintech/src/__tests__/integration/users.integration.test.ts;Backend_Fintech/src/__tests__/integration/webhooks-workers.integration.test.ts","e2e/tests/audit.spec.ts;e2e/tests/auth.spec.ts;e2e/tests/chargebacks.spec.ts;e2e/tests/checkout.spec.ts;e2e/tests/developer-settings.spec.ts;e2e/tests/errors.spec.ts;e2e/tests/merchants.spec.ts;e2e/tests/payment-links.spec.ts;e2e/tests/payments.spec.ts;e2e/tests/qr-payments.spec.ts;e2e/tests/rbac.spec.ts;e2e/tests/reports.spec.ts;e2e/tests/responsive.spec.ts;e2e/tests/subscriptions.spec.ts;e2e/tests/users.spec.ts;e2e/tests/webhooks.spec.ts","partial-verified"
"POST","/api/auth/change-password","auth","Backend_Fintech/src/app/modules/auth/routes/auth.routes.ts",true,"","Backend_Fintech/src/__tests__/integration/auth.integration.test.ts;Backend_Fintech/src/__tests__/integration/authorization.integration.test.ts;Backend_Fintech/src/__tests__/integration/chargebacks-refunds.integration.test.ts;Backend_Fintech/src/__tests__/integration/checkout.integration.test.ts;Backend_Fintech/src/__tests__/integration/concurrency.integration.test.ts;Backend_Fintech/src/__tests__/integration/developer-sandbox.integration.test.ts;Backend_Fintech/src/__tests__/integration/merchants.integration.test.ts;Backend_Fintech/src/__tests__/integration/negative.integration.test.ts;Backend_Fintech/src/__tests__/integration/notifications.integration.test.ts;Backend_Fintech/src/__tests__/integration/payment-transactions.integration.test.ts;Backend_Fintech/src/__tests__/integration/payments.integration.test.ts;Backend_Fintech/src/__tests__/integration/qr-payment-links.integration.test.ts;Backend_Fintech/src/__tests__/integration/reports-audit.integration.test.ts;Backend_Fintech/src/__tests__/integration/subscriptions-invoices.integration.test.ts;Backend_Fintech/src/__tests__/integration/users.integration.test.ts;Backend_Fintech/src/__tests__/integration/webhooks-workers.integration.test.ts","e2e/tests/audit.spec.ts;e2e/tests/auth.spec.ts;e2e/tests/chargebacks.spec.ts;e2e/tests/checkout.spec.ts;e2e/tests/developer-settings.spec.ts;e2e/tests/errors.spec.ts;e2e/tests/merchants.spec.ts;e2e/tests/payment-links.spec.ts;e2e/tests/payments.spec.ts;e2e/tests/qr-payments.spec.ts;e2e/tests/rbac.spec.ts;e2e/tests/reports.spec.ts;e2e/tests/responsive.spec.ts;e2e/tests/subscriptions.spec.ts;e2e/tests/users.spec.ts;e2e/tests/webhooks.spec.ts","partial-verified"
"PUT","/api/auth/mfa-preferences","auth","Backend_Fintech/src/app/modules/auth/routes/auth.routes.ts",true,"","Backend_Fintech/src/__tests__/integration/auth.integration.test.ts;Backend_Fintech/src/__tests__/integration/authorization.integration.test.ts;Backend_Fintech/src/__tests__/integration/chargebacks-refunds.integration.test.ts;Backend_Fintech/src/__tests__/integration/checkout.integration.test.ts;Backend_Fintech/src/__tests__/integration/concurrency.integration.test.ts;Backend_Fintech/src/__tests__/integration/developer-sandbox.integration.test.ts;Backend_Fintech/src/__tests__/integration/merchants.integration.test.ts;Backend_Fintech/src/__tests__/integration/negative.integration.test.ts;Backend_Fintech/src/__tests__/integration/notifications.integration.test.ts;Backend_Fintech/src/__tests__/integration/payment-transactions.integration.test.ts;Backend_Fintech/src/__tests__/integration/payments.integration.test.ts;Backend_Fintech/src/__tests__/integration/qr-payment-links.integration.test.ts;Backend_Fintech/src/__tests__/integration/reports-audit.integration.test.ts;Backend_Fintech/src/__tests__/integration/subscriptions-invoices.integration.test.ts;Backend_Fintech/src/__tests__/integration/users.integration.test.ts;Backend_Fintech/src/__tests__/integration/webhooks-workers.integration.test.ts","e2e/tests/audit.spec.ts;e2e/tests/auth.spec.ts;e2e/tests/chargebacks.spec.ts;e2e/tests/checkout.spec.ts;e2e/tests/developer-settings.spec.ts;e2e/tests/errors.spec.ts;e2e/tests/merchants.spec.ts;e2e/tests/payment-links.spec.ts;e2e/tests/payments.spec.ts;e2e/tests/qr-payments.spec.ts;e2e/tests/rbac.spec.ts;e2e/tests/reports.spec.ts;e2e/tests/responsive.spec.ts;e2e/tests/subscriptions.spec.ts;e2e/tests/users.spec.ts;e2e/tests/webhooks.spec.ts","partial-verified"
"GET","/api/auth/session-settings","auth","Backend_Fintech/src/app/modules/auth/routes/auth.routes.ts",true,"","Backend_Fintech/src/__tests__/integration/auth.integration.test.ts;Backend_Fintech/src/__tests__/integration/authorization.integration.test.ts;Backend_Fintech/src/__tests__/integration/chargebacks-refunds.integration.test.ts;Backend_Fintech/src/__tests__/integration/checkout.integration.test.ts;Backend_Fintech/src/__tests__/integration/concurrency.integration.test.ts;Backend_Fintech/src/__tests__/integration/developer-sandbox.integration.test.ts;Backend_Fintech/src/__tests__/integration/merchants.integration.test.ts;Backend_Fintech/src/__tests__/integration/negative.integration.test.ts;Backend_Fintech/src/__tests__/integration/notifications.integration.test.ts;Backend_Fintech/src/__tests__/integration/payment-transactions.integration.test.ts;Backend_Fintech/src/__tests__/integration/payments.integration.test.ts;Backend_Fintech/src/__tests__/integration/qr-payment-links.integration.test.ts;Backend_Fintech/src/__tests__/integration/reports-audit.integration.test.ts;Backend_Fintech/src/__tests__/integration/subscriptions-invoices.integration.test.ts;Backend_Fintech/src/__tests__/integration/users.integration.test.ts;Backend_Fintech/src/__tests__/integration/webhooks-workers.integration.test.ts","e2e/tests/audit.spec.ts;e2e/tests/auth.spec.ts;e2e/tests/chargebacks.spec.ts;e2e/tests/checkout.spec.ts;e2e/tests/developer-settings.spec.ts;e2e/tests/errors.spec.ts;e2e/tests/merchants.spec.ts;e2e/tests/payment-links.spec.ts;e2e/tests/payments.spec.ts;e2e/tests/qr-payments.spec.ts;e2e/tests/rbac.spec.ts;e2e/tests/reports.spec.ts;e2e/tests/responsive.spec.ts;e2e/tests/subscriptions.spec.ts;e2e/tests/users.spec.ts;e2e/tests/webhooks.spec.ts","partial-verified"
"GET","/api/v1/chargebacks/statistics","chargebacks","Backend_Fintech/src/app/modules/chargebacks/routes/chargeback.routes.ts",true,"PERMISSIONS.CHARGEBACKS_READ;PERMISSIONS.CHARGEBACKS_WRITE;PERMISSIONS.CHARGEBACKS_RESOLVE","Backend_Fintech/src/__tests__/integration/chargebacks-refunds.integration.test.ts","e2e/tests/chargebacks.spec.ts","partial-verified"
"GET","/api/v1/chargebacks/sla-dashboard","chargebacks","Backend_Fintech/src/app/modules/chargebacks/routes/chargeback.routes.ts",true,"PERMISSIONS.CHARGEBACKS_READ;PERMISSIONS.CHARGEBACKS_WRITE;PERMISSIONS.CHARGEBACKS_RESOLVE","Backend_Fintech/src/__tests__/integration/chargebacks-refunds.integration.test.ts","e2e/tests/chargebacks.spec.ts","partial-verified"
"GET","/api/v1/chargebacks/analytics","chargebacks","Backend_Fintech/src/app/modules/chargebacks/routes/chargeback.routes.ts",true,"PERMISSIONS.CHARGEBACKS_READ;PERMISSIONS.CHARGEBACKS_WRITE;PERMISSIONS.CHARGEBACKS_RESOLVE","Backend_Fintech/src/__tests__/integration/chargebacks-refunds.integration.test.ts","e2e/tests/chargebacks.spec.ts","partial-verified"
"GET","/api/v1/chargebacks/","chargebacks","Backend_Fintech/src/app/modules/chargebacks/routes/chargeback.routes.ts",true,"PERMISSIONS.CHARGEBACKS_READ;PERMISSIONS.CHARGEBACKS_WRITE;PERMISSIONS.CHARGEBACKS_RESOLVE","Backend_Fintech/src/__tests__/integration/chargebacks-refunds.integration.test.ts","e2e/tests/chargebacks.spec.ts","partial-verified"
"POST","/api/v1/chargebacks/","chargebacks","Backend_Fintech/src/app/modules/chargebacks/routes/chargeback.routes.ts",true,"PERMISSIONS.CHARGEBACKS_READ;PERMISSIONS.CHARGEBACKS_WRITE;PERMISSIONS.CHARGEBACKS_RESOLVE","Backend_Fintech/src/__tests__/integration/chargebacks-refunds.integration.test.ts","e2e/tests/chargebacks.spec.ts","partial-verified"
"GET","/api/v1/chargebacks/:id/history","chargebacks","Backend_Fintech/src/app/modules/chargebacks/routes/chargeback.routes.ts",true,"PERMISSIONS.CHARGEBACKS_READ;PERMISSIONS.CHARGEBACKS_WRITE;PERMISSIONS.CHARGEBACKS_RESOLVE","Backend_Fintech/src/__tests__/integration/chargebacks-refunds.integration.test.ts","e2e/tests/chargebacks.spec.ts","partial-verified"
"GET","/api/v1/chargebacks/:id/evidence","chargebacks","Backend_Fintech/src/app/modules/chargebacks/routes/chargeback.routes.ts",true,"PERMISSIONS.CHARGEBACKS_READ;PERMISSIONS.CHARGEBACKS_WRITE;PERMISSIONS.CHARGEBACKS_RESOLVE","Backend_Fintech/src/__tests__/integration/chargebacks-refunds.integration.test.ts","e2e/tests/chargebacks.spec.ts","partial-verified"
"POST","/api/v1/chargebacks/:id/evidence","chargebacks","Backend_Fintech/src/app/modules/chargebacks/routes/chargeback.routes.ts",true,"PERMISSIONS.CHARGEBACKS_READ;PERMISSIONS.CHARGEBACKS_WRITE;PERMISSIONS.CHARGEBACKS_RESOLVE","Backend_Fintech/src/__tests__/integration/chargebacks-refunds.integration.test.ts","e2e/tests/chargebacks.spec.ts","partial-verified"
"POST","/api/v1/chargebacks/:id/representment","chargebacks","Backend_Fintech/src/app/modules/chargebacks/routes/chargeback.routes.ts",true,"PERMISSIONS.CHARGEBACKS_READ;PERMISSIONS.CHARGEBACKS_WRITE;PERMISSIONS.CHARGEBACKS_RESOLVE","Backend_Fintech/src/__tests__/integration/chargebacks-refunds.integration.test.ts","e2e/tests/chargebacks.spec.ts","partial-verified"
"POST","/api/v1/chargebacks/:id/arbitration","chargebacks","Backend_Fintech/src/app/modules/chargebacks/routes/chargeback.routes.ts",true,"PERMISSIONS.CHARGEBACKS_READ;PERMISSIONS.CHARGEBACKS_WRITE;PERMISSIONS.CHARGEBACKS_RESOLVE","Backend_Fintech/src/__tests__/integration/chargebacks-refunds.integration.test.ts","e2e/tests/chargebacks.spec.ts","partial-verified"
"POST","/api/v1/chargebacks/:id/resolve","chargebacks","Backend_Fintech/src/app/modules/chargebacks/routes/chargeback.routes.ts",true,"PERMISSIONS.CHARGEBACKS_READ;PERMISSIONS.CHARGEBACKS_WRITE;PERMISSIONS.CHARGEBACKS_RESOLVE","Backend_Fintech/src/__tests__/integration/chargebacks-refunds.integration.test.ts","e2e/tests/chargebacks.spec.ts","partial-verified"
"GET","/api/v1/chargebacks/:id","chargebacks","Backend_Fintech/src/app/modules/chargebacks/routes/chargeback.routes.ts",true,"PERMISSIONS.CHARGEBACKS_READ;PERMISSIONS.CHARGEBACKS_WRITE;PERMISSIONS.CHARGEBACKS_RESOLVE","Backend_Fintech/src/__tests__/integration/chargebacks-refunds.integration.test.ts","e2e/tests/chargebacks.spec.ts","partial-verified"
"GET","/api/v1/checkout/themes","checkout","Backend_Fintech/src/app/modules/checkout/routes/checkout.routes.ts",true,"PERMISSIONS.CHECKOUT_READ;PERMISSIONS.CHECKOUT_ANALYTICS;PERMISSIONS.CHECKOUT_WRITE;PERMISSIONS.CHECKOUT_BRANDING","Backend_Fintech/src/__tests__/integration/checkout.integration.test.ts;Backend_Fintech/src/__tests__/integration/negative.integration.test.ts","e2e/tests/checkout.spec.ts","partial-verified"
"GET","/api/v1/checkout/analytics","checkout","Backend_Fintech/src/app/modules/checkout/routes/checkout.routes.ts",true,"PERMISSIONS.CHECKOUT_READ;PERMISSIONS.CHECKOUT_ANALYTICS;PERMISSIONS.CHECKOUT_WRITE;PERMISSIONS.CHECKOUT_BRANDING","Backend_Fintech/src/__tests__/integration/checkout.integration.test.ts;Backend_Fintech/src/__tests__/integration/negative.integration.test.ts","e2e/tests/checkout.spec.ts","partial-verified"
"GET","/api/v1/checkout/sessions","checkout","Backend_Fintech/src/app/modules/checkout/routes/checkout.routes.ts",true,"PERMISSIONS.CHECKOUT_READ;PERMISSIONS.CHECKOUT_ANALYTICS;PERMISSIONS.CHECKOUT_WRITE;PERMISSIONS.CHECKOUT_BRANDING","Backend_Fintech/src/__tests__/integration/checkout.integration.test.ts;Backend_Fintech/src/__tests__/integration/negative.integration.test.ts","e2e/tests/checkout.spec.ts","partial-verified"
"POST","/api/v1/checkout/sessions","checkout","Backend_Fintech/src/app/modules/checkout/routes/checkout.routes.ts",true,"PERMISSIONS.CHECKOUT_READ;PERMISSIONS.CHECKOUT_ANALYTICS;PERMISSIONS.CHECKOUT_WRITE;PERMISSIONS.CHECKOUT_BRANDING","Backend_Fintech/src/__tests__/integration/checkout.integration.test.ts;Backend_Fintech/src/__tests__/integration/negative.integration.test.ts","e2e/tests/checkout.spec.ts","partial-verified"
"GET","/api/v1/checkout/sessions/:id","checkout","Backend_Fintech/src/app/modules/checkout/routes/checkout.routes.ts",true,"PERMISSIONS.CHECKOUT_READ;PERMISSIONS.CHECKOUT_ANALYTICS;PERMISSIONS.CHECKOUT_WRITE;PERMISSIONS.CHECKOUT_BRANDING","Backend_Fintech/src/__tests__/integration/checkout.integration.test.ts;Backend_Fintech/src/__tests__/integration/negative.integration.test.ts","e2e/tests/checkout.spec.ts","partial-verified"
"GET","/api/v1/checkout/branding/:merchantId","checkout","Backend_Fintech/src/app/modules/checkout/routes/checkout.routes.ts",true,"PERMISSIONS.CHECKOUT_READ;PERMISSIONS.CHECKOUT_ANALYTICS;PERMISSIONS.CHECKOUT_WRITE;PERMISSIONS.CHECKOUT_BRANDING","Backend_Fintech/src/__tests__/integration/checkout.integration.test.ts;Backend_Fintech/src/__tests__/integration/negative.integration.test.ts","e2e/tests/checkout.spec.ts","partial-verified"
"PUT","/api/v1/checkout/branding/:merchantId","checkout","Backend_Fintech/src/app/modules/checkout/routes/checkout.routes.ts",true,"PERMISSIONS.CHECKOUT_READ;PERMISSIONS.CHECKOUT_ANALYTICS;PERMISSIONS.CHECKOUT_WRITE;PERMISSIONS.CHECKOUT_BRANDING","Backend_Fintech/src/__tests__/integration/checkout.integration.test.ts;Backend_Fintech/src/__tests__/integration/negative.integration.test.ts","e2e/tests/checkout.spec.ts","partial-verified"
"GET","/api/v1/checkout/recover/:token","checkout","Backend_Fintech/src/app/modules/checkout/routes/checkout.routes.ts",true,"PERMISSIONS.CHECKOUT_READ;PERMISSIONS.CHECKOUT_ANALYTICS;PERMISSIONS.CHECKOUT_WRITE;PERMISSIONS.CHECKOUT_BRANDING","Backend_Fintech/src/__tests__/integration/checkout.integration.test.ts;Backend_Fintech/src/__tests__/integration/negative.integration.test.ts","e2e/tests/checkout.spec.ts","partial-verified"
"GET","/api/v1/checkout/:ref","checkout","Backend_Fintech/src/app/modules/checkout/routes/checkout.routes.ts",true,"PERMISSIONS.CHECKOUT_READ;PERMISSIONS.CHECKOUT_ANALYTICS;PERMISSIONS.CHECKOUT_WRITE;PERMISSIONS.CHECKOUT_BRANDING","Backend_Fintech/src/__tests__/integration/checkout.integration.test.ts;Backend_Fintech/src/__tests__/integration/negative.integration.test.ts","e2e/tests/checkout.spec.ts","partial-verified"
"POST","/api/v1/checkout/:ref/pay","checkout","Backend_Fintech/src/app/modules/checkout/routes/checkout.routes.ts",true,"PERMISSIONS.CHECKOUT_READ;PERMISSIONS.CHECKOUT_ANALYTICS;PERMISSIONS.CHECKOUT_WRITE;PERMISSIONS.CHECKOUT_BRANDING","Backend_Fintech/src/__tests__/integration/checkout.integration.test.ts;Backend_Fintech/src/__tests__/integration/negative.integration.test.ts","e2e/tests/checkout.spec.ts","partial-verified"
"POST","/api/v1/checkout/:ref/retry","checkout","Backend_Fintech/src/app/modules/checkout/routes/checkout.routes.ts",true,"PERMISSIONS.CHECKOUT_READ;PERMISSIONS.CHECKOUT_ANALYTICS;PERMISSIONS.CHECKOUT_WRITE;PERMISSIONS.CHECKOUT_BRANDING","Backend_Fintech/src/__tests__/integration/checkout.integration.test.ts;Backend_Fintech/src/__tests__/integration/negative.integration.test.ts","e2e/tests/checkout.spec.ts","partial-verified"
"POST","/api/v1/checkout/:ref/cancel","checkout","Backend_Fintech/src/app/modules/checkout/routes/checkout.routes.ts",true,"PERMISSIONS.CHECKOUT_READ;PERMISSIONS.CHECKOUT_ANALYTICS;PERMISSIONS.CHECKOUT_WRITE;PERMISSIONS.CHECKOUT_BRANDING","Backend_Fintech/src/__tests__/integration/checkout.integration.test.ts;Backend_Fintech/src/__tests__/integration/negative.integration.test.ts","e2e/tests/checkout.spec.ts","partial-verified"
"GET","/api/v1/customers/search","customers","Backend_Fintech/src/app/modules/customers/routes/customer.routes.ts",true,"PERMISSIONS.CUSTOMERS_READ;PERMISSIONS.CUSTOMERS_WRITE;PERMISSIONS.CUSTOMERS_DELETE","Backend_Fintech/src/__tests__/integration/database.integration.test.ts","","partial-verified"
"GET","/api/v1/customers/statistics","customers","Backend_Fintech/src/app/modules/customers/routes/customer.routes.ts",true,"PERMISSIONS.CUSTOMERS_READ;PERMISSIONS.CUSTOMERS_WRITE;PERMISSIONS.CUSTOMERS_DELETE","Backend_Fintech/src/__tests__/integration/database.integration.test.ts","","partial-verified"
"GET","/api/v1/customers/","customers","Backend_Fintech/src/app/modules/customers/routes/customer.routes.ts",true,"PERMISSIONS.CUSTOMERS_READ;PERMISSIONS.CUSTOMERS_WRITE;PERMISSIONS.CUSTOMERS_DELETE","Backend_Fintech/src/__tests__/integration/database.integration.test.ts","","partial-verified"
"POST","/api/v1/customers/","customers","Backend_Fintech/src/app/modules/customers/routes/customer.routes.ts",true,"PERMISSIONS.CUSTOMERS_READ;PERMISSIONS.CUSTOMERS_WRITE;PERMISSIONS.CUSTOMERS_DELETE","Backend_Fintech/src/__tests__/integration/database.integration.test.ts","","partial-verified"
"GET","/api/v1/customers/:id","customers","Backend_Fintech/src/app/modules/customers/routes/customer.routes.ts",true,"PERMISSIONS.CUSTOMERS_READ;PERMISSIONS.CUSTOMERS_WRITE;PERMISSIONS.CUSTOMERS_DELETE","Backend_Fintech/src/__tests__/integration/database.integration.test.ts","","partial-verified"
"PUT","/api/v1/customers/:id","customers","Backend_Fintech/src/app/modules/customers/routes/customer.routes.ts",true,"PERMISSIONS.CUSTOMERS_READ;PERMISSIONS.CUSTOMERS_WRITE;PERMISSIONS.CUSTOMERS_DELETE","Backend_Fintech/src/__tests__/integration/database.integration.test.ts","","partial-verified"
"PATCH","/api/v1/customers/:id/status","customers","Backend_Fintech/src/app/modules/customers/routes/customer.routes.ts",true,"PERMISSIONS.CUSTOMERS_READ;PERMISSIONS.CUSTOMERS_WRITE;PERMISSIONS.CUSTOMERS_DELETE","Backend_Fintech/src/__tests__/integration/database.integration.test.ts","","partial-verified"
"DELETE","/api/v1/customers/:id","customers","Backend_Fintech/src/app/modules/customers/routes/customer.routes.ts",true,"PERMISSIONS.CUSTOMERS_READ;PERMISSIONS.CUSTOMERS_WRITE;PERMISSIONS.CUSTOMERS_DELETE","Backend_Fintech/src/__tests__/integration/database.integration.test.ts","","partial-verified"
"GET","/api/v1/customers/:id/transactions","customers","Backend_Fintech/src/app/modules/customers/routes/customer.routes.ts",true,"PERMISSIONS.CUSTOMERS_READ;PERMISSIONS.CUSTOMERS_WRITE;PERMISSIONS.CUSTOMERS_DELETE","Backend_Fintech/src/__tests__/integration/database.integration.test.ts","","partial-verified"
"GET","/api/v1/customers/:id/merchants","customers","Backend_Fintech/src/app/modules/customers/routes/customer.routes.ts",true,"PERMISSIONS.CUSTOMERS_READ;PERMISSIONS.CUSTOMERS_WRITE;PERMISSIONS.CUSTOMERS_DELETE","Backend_Fintech/src/__tests__/integration/database.integration.test.ts","","partial-verified"
"GET","/api/v1/customers/:id/preferences","customers","Backend_Fintech/src/app/modules/customers/routes/customer.routes.ts",true,"PERMISSIONS.CUSTOMERS_READ;PERMISSIONS.CUSTOMERS_WRITE;PERMISSIONS.CUSTOMERS_DELETE","Backend_Fintech/src/__tests__/integration/database.integration.test.ts","","partial-verified"
"PUT","/api/v1/customers/:id/preferences","customers","Backend_Fintech/src/app/modules/customers/routes/customer.routes.ts",true,"PERMISSIONS.CUSTOMERS_READ;PERMISSIONS.CUSTOMERS_WRITE;PERMISSIONS.CUSTOMERS_DELETE","Backend_Fintech/src/__tests__/integration/database.integration.test.ts","","partial-verified"
"GET","/api/v1/customers/:id/payment-methods","customers","Backend_Fintech/src/app/modules/customers/routes/customer.routes.ts",true,"PERMISSIONS.CUSTOMERS_READ;PERMISSIONS.CUSTOMERS_WRITE;PERMISSIONS.CUSTOMERS_DELETE","Backend_Fintech/src/__tests__/integration/database.integration.test.ts","","partial-verified"
"GET","/api/v1/customers/:id/timeline","customers","Backend_Fintech/src/app/modules/customers/routes/customer.routes.ts",true,"PERMISSIONS.CUSTOMERS_READ;PERMISSIONS.CUSTOMERS_WRITE;PERMISSIONS.CUSTOMERS_DELETE","Backend_Fintech/src/__tests__/integration/database.integration.test.ts","","partial-verified"
"GET","/api/v1/dashboard/executive/summary","dashboard","Backend_Fintech/src/app/modules/dashboard/routes/executive-dashboard.routes.ts",true,"PERMISSIONS.DASHBOARD_READ;PERMISSIONS.ONBOARDING_WORKFLOW_READ;PERMISSIONS.OPERATIONS_READ;PERMISSIONS.DASHBOARD_EXPORT;PERMISSIONS.AI_CHAT","Backend_Fintech/src/__tests__/integration/developer-sandbox.integration.test.ts","e2e/tests/audit.spec.ts;e2e/tests/auth.spec.ts;e2e/tests/developer-settings.spec.ts;e2e/tests/errors.spec.ts;e2e/tests/rbac.spec.ts;e2e/tests/responsive.spec.ts;e2e/tests/users.spec.ts;e2e/tests/webhooks.spec.ts","partial-verified"
"GET","/api/v1/dashboard/executive/charts/revenue","dashboard","Backend_Fintech/src/app/modules/dashboard/routes/executive-dashboard.routes.ts",true,"PERMISSIONS.DASHBOARD_READ;PERMISSIONS.ONBOARDING_WORKFLOW_READ;PERMISSIONS.OPERATIONS_READ;PERMISSIONS.DASHBOARD_EXPORT;PERMISSIONS.AI_CHAT","Backend_Fintech/src/__tests__/integration/developer-sandbox.integration.test.ts","e2e/tests/audit.spec.ts;e2e/tests/auth.spec.ts;e2e/tests/developer-settings.spec.ts;e2e/tests/errors.spec.ts;e2e/tests/rbac.spec.ts;e2e/tests/responsive.spec.ts;e2e/tests/users.spec.ts;e2e/tests/webhooks.spec.ts","partial-verified"
"GET","/api/v1/dashboard/executive/charts/payment-methods","dashboard","Backend_Fintech/src/app/modules/dashboard/routes/executive-dashboard.routes.ts",true,"PERMISSIONS.DASHBOARD_READ;PERMISSIONS.ONBOARDING_WORKFLOW_READ;PERMISSIONS.OPERATIONS_READ;PERMISSIONS.DASHBOARD_EXPORT;PERMISSIONS.AI_CHAT","Backend_Fintech/src/__tests__/integration/developer-sandbox.integration.test.ts","e2e/tests/audit.spec.ts;e2e/tests/auth.spec.ts;e2e/tests/developer-settings.spec.ts;e2e/tests/errors.spec.ts;e2e/tests/rbac.spec.ts;e2e/tests/responsive.spec.ts;e2e/tests/users.spec.ts;e2e/tests/webhooks.spec.ts","partial-verified"
"GET","/api/v1/dashboard/executive/charts/regional-distribution","dashboard","Backend_Fintech/src/app/modules/dashboard/routes/executive-dashboard.routes.ts",true,"PERMISSIONS.DASHBOARD_READ;PERMISSIONS.ONBOARDING_WORKFLOW_READ;PERMISSIONS.OPERATIONS_READ;PERMISSIONS.DASHBOARD_EXPORT;PERMISSIONS.AI_CHAT","Backend_Fintech/src/__tests__/integration/developer-sandbox.integration.test.ts","e2e/tests/audit.spec.ts;e2e/tests/auth.spec.ts;e2e/tests/developer-settings.spec.ts;e2e/tests/errors.spec.ts;e2e/tests/rbac.spec.ts;e2e/tests/responsive.spec.ts;e2e/tests/users.spec.ts;e2e/tests/webhooks.spec.ts","partial-verified"
"GET","/api/v1/dashboard/executive/transactions/high-value","dashboard","Backend_Fintech/src/app/modules/dashboard/routes/executive-dashboard.routes.ts",true,"PERMISSIONS.DASHBOARD_READ;PERMISSIONS.ONBOARDING_WORKFLOW_READ;PERMISSIONS.OPERATIONS_READ;PERMISSIONS.DASHBOARD_EXPORT;PERMISSIONS.AI_CHAT","Backend_Fintech/src/__tests__/integration/developer-sandbox.integration.test.ts","e2e/tests/audit.spec.ts;e2e/tests/auth.spec.ts;e2e/tests/developer-settings.spec.ts;e2e/tests/errors.spec.ts;e2e/tests/rbac.spec.ts;e2e/tests/responsive.spec.ts;e2e/tests/users.spec.ts;e2e/tests/webhooks.spec.ts","partial-verified"
"GET","/api/v1/dashboard/executive/activities","dashboard","Backend_Fintech/src/app/modules/dashboard/routes/executive-dashboard.routes.ts",true,"PERMISSIONS.DASHBOARD_READ;PERMISSIONS.ONBOARDING_WORKFLOW_READ;PERMISSIONS.OPERATIONS_READ;PERMISSIONS.DASHBOARD_EXPORT;PERMISSIONS.AI_CHAT","Backend_Fintech/src/__tests__/integration/developer-sandbox.integration.test.ts","e2e/tests/audit.spec.ts;e2e/tests/auth.spec.ts;e2e/tests/developer-settings.spec.ts;e2e/tests/errors.spec.ts;e2e/tests/rbac.spec.ts;e2e/tests/responsive.spec.ts;e2e/tests/users.spec.ts;e2e/tests/webhooks.spec.ts","partial-verified"
"GET","/api/v1/dashboard/executive/fraud-alerts","dashboard","Backend_Fintech/src/app/modules/dashboard/routes/executive-dashboard.routes.ts",true,"PERMISSIONS.DASHBOARD_READ;PERMISSIONS.ONBOARDING_WORKFLOW_READ;PERMISSIONS.OPERATIONS_READ;PERMISSIONS.DASHBOARD_EXPORT;PERMISSIONS.AI_CHAT","Backend_Fintech/src/__tests__/integration/developer-sandbox.integration.test.ts","e2e/tests/audit.spec.ts;e2e/tests/auth.spec.ts;e2e/tests/developer-settings.spec.ts;e2e/tests/errors.spec.ts;e2e/tests/rbac.spec.ts;e2e/tests/responsive.spec.ts;e2e/tests/users.spec.ts;e2e/tests/webhooks.spec.ts","partial-verified"
"GET","/api/v1/dashboard/executive/onboarding-stats","dashboard","Backend_Fintech/src/app/modules/dashboard/routes/executive-dashboard.routes.ts",true,"PERMISSIONS.DASHBOARD_READ;PERMISSIONS.ONBOARDING_WORKFLOW_READ;PERMISSIONS.OPERATIONS_READ;PERMISSIONS.DASHBOARD_EXPORT;PERMISSIONS.AI_CHAT","Backend_Fintech/src/__tests__/integration/developer-sandbox.integration.test.ts","e2e/tests/audit.spec.ts;e2e/tests/auth.spec.ts;e2e/tests/developer-settings.spec.ts;e2e/tests/errors.spec.ts;e2e/tests/rbac.spec.ts;e2e/tests/responsive.spec.ts;e2e/tests/users.spec.ts;e2e/tests/webhooks.spec.ts","partial-verified"
"GET","/api/v1/dashboard/executive/payment-platform-stats","dashboard","Backend_Fintech/src/app/modules/dashboard/routes/executive-dashboard.routes.ts",true,"PERMISSIONS.DASHBOARD_READ;PERMISSIONS.ONBOARDING_WORKFLOW_READ;PERMISSIONS.OPERATIONS_READ;PERMISSIONS.DASHBOARD_EXPORT;PERMISSIONS.AI_CHAT","Backend_Fintech/src/__tests__/integration/developer-sandbox.integration.test.ts","e2e/tests/audit.spec.ts;e2e/tests/auth.spec.ts;e2e/tests/developer-settings.spec.ts;e2e/tests/errors.spec.ts;e2e/tests/rbac.spec.ts;e2e/tests/responsive.spec.ts;e2e/tests/users.spec.ts;e2e/tests/webhooks.spec.ts","partial-verified"
"GET","/api/v1/dashboard/executive/operations-stats","dashboard","Backend_Fintech/src/app/modules/dashboard/routes/executive-dashboard.routes.ts",true,"PERMISSIONS.DASHBOARD_READ;PERMISSIONS.ONBOARDING_WORKFLOW_READ;PERMISSIONS.OPERATIONS_READ;PERMISSIONS.DASHBOARD_EXPORT;PERMISSIONS.AI_CHAT","Backend_Fintech/src/__tests__/integration/developer-sandbox.integration.test.ts","e2e/tests/audit.spec.ts;e2e/tests/auth.spec.ts;e2e/tests/developer-settings.spec.ts;e2e/tests/errors.spec.ts;e2e/tests/rbac.spec.ts;e2e/tests/responsive.spec.ts;e2e/tests/users.spec.ts;e2e/tests/webhooks.spec.ts","partial-verified"
"POST","/api/v1/dashboard/executive/export","dashboard","Backend_Fintech/src/app/modules/dashboard/routes/executive-dashboard.routes.ts",true,"PERMISSIONS.DASHBOARD_READ;PERMISSIONS.ONBOARDING_WORKFLOW_READ;PERMISSIONS.OPERATIONS_READ;PERMISSIONS.DASHBOARD_EXPORT;PERMISSIONS.AI_CHAT","Backend_Fintech/src/__tests__/integration/developer-sandbox.integration.test.ts","e2e/tests/audit.spec.ts;e2e/tests/auth.spec.ts;e2e/tests/developer-settings.spec.ts;e2e/tests/errors.spec.ts;e2e/tests/rbac.spec.ts;e2e/tests/responsive.spec.ts;e2e/tests/users.spec.ts;e2e/tests/webhooks.spec.ts","partial-verified"
"GET","/api/v1/dashboard/executive/preferences","dashboard","Backend_Fintech/src/app/modules/dashboard/routes/executive-dashboard.routes.ts",true,"PERMISSIONS.DASHBOARD_READ;PERMISSIONS.ONBOARDING_WORKFLOW_READ;PERMISSIONS.OPERATIONS_READ;PERMISSIONS.DASHBOARD_EXPORT;PERMISSIONS.AI_CHAT","Backend_Fintech/src/__tests__/integration/developer-sandbox.integration.test.ts","e2e/tests/audit.spec.ts;e2e/tests/auth.spec.ts;e2e/tests/developer-settings.spec.ts;e2e/tests/errors.spec.ts;e2e/tests/rbac.spec.ts;e2e/tests/responsive.spec.ts;e2e/tests/users.spec.ts;e2e/tests/webhooks.spec.ts","partial-verified"
"PUT","/api/v1/dashboard/executive/preferences","dashboard","Backend_Fintech/src/app/modules/dashboard/routes/executive-dashboard.routes.ts",true,"PERMISSIONS.DASHBOARD_READ;PERMISSIONS.ONBOARDING_WORKFLOW_READ;PERMISSIONS.OPERATIONS_READ;PERMISSIONS.DASHBOARD_EXPORT;PERMISSIONS.AI_CHAT","Backend_Fintech/src/__tests__/integration/developer-sandbox.integration.test.ts","e2e/tests/audit.spec.ts;e2e/tests/auth.spec.ts;e2e/tests/developer-settings.spec.ts;e2e/tests/errors.spec.ts;e2e/tests/rbac.spec.ts;e2e/tests/responsive.spec.ts;e2e/tests/users.spec.ts;e2e/tests/webhooks.spec.ts","partial-verified"
"POST","/api/v1/dashboard/executive/ai/chat","dashboard","Backend_Fintech/src/app/modules/dashboard/routes/executive-dashboard.routes.ts",true,"PERMISSIONS.DASHBOARD_READ;PERMISSIONS.ONBOARDING_WORKFLOW_READ;PERMISSIONS.OPERATIONS_READ;PERMISSIONS.DASHBOARD_EXPORT;PERMISSIONS.AI_CHAT","Backend_Fintech/src/__tests__/integration/developer-sandbox.integration.test.ts","e2e/tests/audit.spec.ts;e2e/tests/auth.spec.ts;e2e/tests/developer-settings.spec.ts;e2e/tests/errors.spec.ts;e2e/tests/rbac.spec.ts;e2e/tests/responsive.spec.ts;e2e/tests/users.spec.ts;e2e/tests/webhooks.spec.ts","partial-verified"
"GET","/api/v1/developer/dashboard","developer","Backend_Fintech/src/app/modules/developer/routes/developer.routes.ts",true,"PERMISSIONS.DEVELOPER_READ;PERMISSIONS.DEVELOPER_WRITE;PERMISSIONS.DEVELOPER_MANAGE","Backend_Fintech/src/__tests__/integration/developer-sandbox.integration.test.ts","e2e/tests/developer-settings.spec.ts","partial-verified"
"GET","/api/v1/developer/profiles","developer","Backend_Fintech/src/app/modules/developer/routes/developer.routes.ts",true,"PERMISSIONS.DEVELOPER_READ;PERMISSIONS.DEVELOPER_WRITE;PERMISSIONS.DEVELOPER_MANAGE","Backend_Fintech/src/__tests__/integration/developer-sandbox.integration.test.ts","e2e/tests/developer-settings.spec.ts","partial-verified"
"POST","/api/v1/developer/profiles","developer","Backend_Fintech/src/app/modules/developer/routes/developer.routes.ts",true,"PERMISSIONS.DEVELOPER_READ;PERMISSIONS.DEVELOPER_WRITE;PERMISSIONS.DEVELOPER_MANAGE","Backend_Fintech/src/__tests__/integration/developer-sandbox.integration.test.ts","e2e/tests/developer-settings.spec.ts","partial-verified"
"GET","/api/v1/developer/profiles/:id","developer","Backend_Fintech/src/app/modules/developer/routes/developer.routes.ts",true,"PERMISSIONS.DEVELOPER_READ;PERMISSIONS.DEVELOPER_WRITE;PERMISSIONS.DEVELOPER_MANAGE","Backend_Fintech/src/__tests__/integration/developer-sandbox.integration.test.ts","e2e/tests/developer-settings.spec.ts","partial-verified"
"PUT","/api/v1/developer/profiles/:id","developer","Backend_Fintech/src/app/modules/developer/routes/developer.routes.ts",true,"PERMISSIONS.DEVELOPER_READ;PERMISSIONS.DEVELOPER_WRITE;PERMISSIONS.DEVELOPER_MANAGE","Backend_Fintech/src/__tests__/integration/developer-sandbox.integration.test.ts","e2e/tests/developer-settings.spec.ts","partial-verified"
"DELETE","/api/v1/developer/profiles/:id","developer","Backend_Fintech/src/app/modules/developer/routes/developer.routes.ts",true,"PERMISSIONS.DEVELOPER_READ;PERMISSIONS.DEVELOPER_WRITE;PERMISSIONS.DEVELOPER_MANAGE","Backend_Fintech/src/__tests__/integration/developer-sandbox.integration.test.ts","e2e/tests/developer-settings.spec.ts","partial-verified"
"GET","/api/v1/developer/oauth-apps","developer","Backend_Fintech/src/app/modules/developer/routes/developer.routes.ts",true,"PERMISSIONS.DEVELOPER_READ;PERMISSIONS.DEVELOPER_WRITE;PERMISSIONS.DEVELOPER_MANAGE","Backend_Fintech/src/__tests__/integration/developer-sandbox.integration.test.ts","e2e/tests/developer-settings.spec.ts","partial-verified"
"POST","/api/v1/developer/oauth-apps","developer","Backend_Fintech/src/app/modules/developer/routes/developer.routes.ts",true,"PERMISSIONS.DEVELOPER_READ;PERMISSIONS.DEVELOPER_WRITE;PERMISSIONS.DEVELOPER_MANAGE","Backend_Fintech/src/__tests__/integration/developer-sandbox.integration.test.ts","e2e/tests/developer-settings.spec.ts","partial-verified"
"GET","/api/v1/developer/oauth-apps/:id","developer","Backend_Fintech/src/app/modules/developer/routes/developer.routes.ts",true,"PERMISSIONS.DEVELOPER_READ;PERMISSIONS.DEVELOPER_WRITE;PERMISSIONS.DEVELOPER_MANAGE","Backend_Fintech/src/__tests__/integration/developer-sandbox.integration.test.ts","e2e/tests/developer-settings.spec.ts","partial-verified"
"PUT","/api/v1/developer/oauth-apps/:id","developer","Backend_Fintech/src/app/modules/developer/routes/developer.routes.ts",true,"PERMISSIONS.DEVELOPER_READ;PERMISSIONS.DEVELOPER_WRITE;PERMISSIONS.DEVELOPER_MANAGE","Backend_Fintech/src/__tests__/integration/developer-sandbox.integration.test.ts","e2e/tests/developer-settings.spec.ts","partial-verified"
"POST","/api/v1/developer/oauth-apps/:id/revoke","developer","Backend_Fintech/src/app/modules/developer/routes/developer.routes.ts",true,"PERMISSIONS.DEVELOPER_READ;PERMISSIONS.DEVELOPER_WRITE;PERMISSIONS.DEVELOPER_MANAGE","Backend_Fintech/src/__tests__/integration/developer-sandbox.integration.test.ts","e2e/tests/developer-settings.spec.ts","partial-verified"
"GET","/api/v1/developer/api-usage","developer","Backend_Fintech/src/app/modules/developer/routes/developer.routes.ts",true,"PERMISSIONS.DEVELOPER_READ;PERMISSIONS.DEVELOPER_WRITE;PERMISSIONS.DEVELOPER_MANAGE","Backend_Fintech/src/__tests__/integration/developer-sandbox.integration.test.ts","e2e/tests/developer-settings.spec.ts","partial-verified"
"GET","/api/v1/developer/api-keys","developer","Backend_Fintech/src/app/modules/developer/routes/developer.routes.ts",true,"PERMISSIONS.DEVELOPER_READ;PERMISSIONS.DEVELOPER_WRITE;PERMISSIONS.DEVELOPER_MANAGE","Backend_Fintech/src/__tests__/integration/developer-sandbox.integration.test.ts","e2e/tests/developer-settings.spec.ts","partial-verified"
"GET","/api/v1/devices/inventory","devices","Backend_Fintech/src/app/modules/devices/routes/device.routes.ts",true,"PERMISSIONS.TERMINAL_INVENTORY_READ;PERMISSIONS.DEVICES_READ;PERMISSIONS.DEVICES_WRITE;PERMISSIONS.DEVICES_MANAGE","","","NOT VERIFIED"
"GET","/api/v1/devices/","devices","Backend_Fintech/src/app/modules/devices/routes/device.routes.ts",true,"PERMISSIONS.TERMINAL_INVENTORY_READ;PERMISSIONS.DEVICES_READ;PERMISSIONS.DEVICES_WRITE;PERMISSIONS.DEVICES_MANAGE","","","NOT VERIFIED"
"POST","/api/v1/devices/","devices","Backend_Fintech/src/app/modules/devices/routes/device.routes.ts",true,"PERMISSIONS.TERMINAL_INVENTORY_READ;PERMISSIONS.DEVICES_READ;PERMISSIONS.DEVICES_WRITE;PERMISSIONS.DEVICES_MANAGE","","","NOT VERIFIED"
"GET","/api/v1/devices/:id","devices","Backend_Fintech/src/app/modules/devices/routes/device.routes.ts",true,"PERMISSIONS.TERMINAL_INVENTORY_READ;PERMISSIONS.DEVICES_READ;PERMISSIONS.DEVICES_WRITE;PERMISSIONS.DEVICES_MANAGE","","","NOT VERIFIED"
"POST","/api/v1/devices/:id/activate","devices","Backend_Fintech/src/app/modules/devices/routes/device.routes.ts",true,"PERMISSIONS.TERMINAL_INVENTORY_READ;PERMISSIONS.DEVICES_READ;PERMISSIONS.DEVICES_WRITE;PERMISSIONS.DEVICES_MANAGE","","","NOT VERIFIED"
"POST","/api/v1/devices/:id/deactivate","devices","Backend_Fintech/src/app/modules/devices/routes/device.routes.ts",true,"PERMISSIONS.TERMINAL_INVENTORY_READ;PERMISSIONS.DEVICES_READ;PERMISSIONS.DEVICES_WRITE;PERMISSIONS.DEVICES_MANAGE","","","NOT VERIFIED"
"POST","/api/v1/devices/:id/transfer","devices","Backend_Fintech/src/app/modules/devices/routes/device.routes.ts",true,"PERMISSIONS.TERMINAL_INVENTORY_READ;PERMISSIONS.DEVICES_READ;PERMISSIONS.DEVICES_WRITE;PERMISSIONS.DEVICES_MANAGE","","","NOT VERIFIED"
"POST","/api/v1/devices/:id/replace","devices","Backend_Fintech/src/app/modules/devices/routes/device.routes.ts",true,"PERMISSIONS.TERMINAL_INVENTORY_READ;PERMISSIONS.DEVICES_READ;PERMISSIONS.DEVICES_WRITE;PERMISSIONS.DEVICES_MANAGE","","","NOT VERIFIED"
"POST","/api/v1/devices/:id/sync","devices","Backend_Fintech/src/app/modules/devices/routes/device.routes.ts",true,"PERMISSIONS.TERMINAL_INVENTORY_READ;PERMISSIONS.DEVICES_READ;PERMISSIONS.DEVICES_WRITE;PERMISSIONS.DEVICES_MANAGE","","","NOT VERIFIED"
"GET","/api/v1/exports/:fileId","exports","Backend_Fintech/src/app/modules/exports/routes/export.routes.ts",true,"","","","NOT VERIFIED"
"GET","/api/v1/fraud/","fraud","Backend_Fintech/src/app/modules/fraud/routes/fraud.routes.ts",true,"PERMISSIONS.FRAUD_READ;PERMISSIONS.FRAUD_WRITE;PERMISSIONS.FRAUD_MANAGE","Backend_Fintech/src/__tests__/integration/chargebacks-refunds.integration.test.ts","e2e/tests/chargebacks.spec.ts","partial-verified"
"GET","/api/v1/fraud/:id","fraud","Backend_Fintech/src/app/modules/fraud/routes/fraud.routes.ts",true,"PERMISSIONS.FRAUD_READ;PERMISSIONS.FRAUD_WRITE;PERMISSIONS.FRAUD_MANAGE","Backend_Fintech/src/__tests__/integration/chargebacks-refunds.integration.test.ts","e2e/tests/chargebacks.spec.ts","partial-verified"
"POST","/api/v1/fraud/:id/approve","fraud","Backend_Fintech/src/app/modules/fraud/routes/fraud.routes.ts",true,"PERMISSIONS.FRAUD_READ;PERMISSIONS.FRAUD_WRITE;PERMISSIONS.FRAUD_MANAGE","Backend_Fintech/src/__tests__/integration/chargebacks-refunds.integration.test.ts","e2e/tests/chargebacks.spec.ts","partial-verified"
"POST","/api/v1/fraud/:id/reject","fraud","Backend_Fintech/src/app/modules/fraud/routes/fraud.routes.ts",true,"PERMISSIONS.FRAUD_READ;PERMISSIONS.FRAUD_WRITE;PERMISSIONS.FRAUD_MANAGE","Backend_Fintech/src/__tests__/integration/chargebacks-refunds.integration.test.ts","e2e/tests/chargebacks.spec.ts","partial-verified"
"POST","/api/v1/fraud/:id/release","fraud","Backend_Fintech/src/app/modules/fraud/routes/fraud.routes.ts",true,"PERMISSIONS.FRAUD_READ;PERMISSIONS.FRAUD_WRITE;PERMISSIONS.FRAUD_MANAGE","Backend_Fintech/src/__tests__/integration/chargebacks-refunds.integration.test.ts","e2e/tests/chargebacks.spec.ts","partial-verified"
"GET","/api/v1/invoices/statistics","invoices","Backend_Fintech/src/app/modules/invoices/routes/invoice.routes.ts",true,"PERMISSIONS.INVOICES_READ;PERMISSIONS.INVOICES_WRITE;PERMISSIONS.INVOICES_MANAGE","Backend_Fintech/src/__tests__/integration/subscriptions-invoices.integration.test.ts","e2e/tests/subscriptions.spec.ts","partial-verified"
"GET","/api/v1/invoices/analytics","invoices","Backend_Fintech/src/app/modules/invoices/routes/invoice.routes.ts",true,"PERMISSIONS.INVOICES_READ;PERMISSIONS.INVOICES_WRITE;PERMISSIONS.INVOICES_MANAGE","Backend_Fintech/src/__tests__/integration/subscriptions-invoices.integration.test.ts","e2e/tests/subscriptions.spec.ts","partial-verified"
"GET","/api/v1/invoices/templates","invoices","Backend_Fintech/src/app/modules/invoices/routes/invoice.routes.ts",true,"PERMISSIONS.INVOICES_READ;PERMISSIONS.INVOICES_WRITE;PERMISSIONS.INVOICES_MANAGE","Backend_Fintech/src/__tests__/integration/subscriptions-invoices.integration.test.ts","e2e/tests/subscriptions.spec.ts","partial-verified"
"POST","/api/v1/invoices/templates","invoices","Backend_Fintech/src/app/modules/invoices/routes/invoice.routes.ts",true,"PERMISSIONS.INVOICES_READ;PERMISSIONS.INVOICES_WRITE;PERMISSIONS.INVOICES_MANAGE","Backend_Fintech/src/__tests__/integration/subscriptions-invoices.integration.test.ts","e2e/tests/subscriptions.spec.ts","partial-verified"
"GET","/api/v1/invoices/templates/:id","invoices","Backend_Fintech/src/app/modules/invoices/routes/invoice.routes.ts",true,"PERMISSIONS.INVOICES_READ;PERMISSIONS.INVOICES_WRITE;PERMISSIONS.INVOICES_MANAGE","Backend_Fintech/src/__tests__/integration/subscriptions-invoices.integration.test.ts","e2e/tests/subscriptions.spec.ts","partial-verified"
"PUT","/api/v1/invoices/templates/:id","invoices","Backend_Fintech/src/app/modules/invoices/routes/invoice.routes.ts",true,"PERMISSIONS.INVOICES_READ;PERMISSIONS.INVOICES_WRITE;PERMISSIONS.INVOICES_MANAGE","Backend_Fintech/src/__tests__/integration/subscriptions-invoices.integration.test.ts","e2e/tests/subscriptions.spec.ts","partial-verified"
"DELETE","/api/v1/invoices/templates/:id","invoices","Backend_Fintech/src/app/modules/invoices/routes/invoice.routes.ts",true,"PERMISSIONS.INVOICES_READ;PERMISSIONS.INVOICES_WRITE;PERMISSIONS.INVOICES_MANAGE","Backend_Fintech/src/__tests__/integration/subscriptions-invoices.integration.test.ts","e2e/tests/subscriptions.spec.ts","partial-verified"
"GET","/api/v1/invoices/credit-notes","invoices","Backend_Fintech/src/app/modules/invoices/routes/invoice.routes.ts",true,"PERMISSIONS.INVOICES_READ;PERMISSIONS.INVOICES_WRITE;PERMISSIONS.INVOICES_MANAGE","Backend_Fintech/src/__tests__/integration/subscriptions-invoices.integration.test.ts","e2e/tests/subscriptions.spec.ts","partial-verified"
"POST","/api/v1/invoices/credit-notes","invoices","Backend_Fintech/src/app/modules/invoices/routes/invoice.routes.ts",true,"PERMISSIONS.INVOICES_READ;PERMISSIONS.INVOICES_WRITE;PERMISSIONS.INVOICES_MANAGE","Backend_Fintech/src/__tests__/integration/subscriptions-invoices.integration.test.ts","e2e/tests/subscriptions.spec.ts","partial-verified"
"GET","/api/v1/invoices/debit-notes","invoices","Backend_Fintech/src/app/modules/invoices/routes/invoice.routes.ts",true,"PERMISSIONS.INVOICES_READ;PERMISSIONS.INVOICES_WRITE;PERMISSIONS.INVOICES_MANAGE","Backend_Fintech/src/__tests__/integration/subscriptions-invoices.integration.test.ts","e2e/tests/subscriptions.spec.ts","partial-verified"
"POST","/api/v1/invoices/debit-notes","invoices","Backend_Fintech/src/app/modules/invoices/routes/invoice.routes.ts",true,"PERMISSIONS.INVOICES_READ;PERMISSIONS.INVOICES_WRITE;PERMISSIONS.INVOICES_MANAGE","Backend_Fintech/src/__tests__/integration/subscriptions-invoices.integration.test.ts","e2e/tests/subscriptions.spec.ts","partial-verified"
"GET","/api/v1/invoices/","invoices","Backend_Fintech/src/app/modules/invoices/routes/invoice.routes.ts",true,"PERMISSIONS.INVOICES_READ;PERMISSIONS.INVOICES_WRITE;PERMISSIONS.INVOICES_MANAGE","Backend_Fintech/src/__tests__/integration/subscriptions-invoices.integration.test.ts","e2e/tests/subscriptions.spec.ts","partial-verified"
"POST","/api/v1/invoices/","invoices","Backend_Fintech/src/app/modules/invoices/routes/invoice.routes.ts",true,"PERMISSIONS.INVOICES_READ;PERMISSIONS.INVOICES_WRITE;PERMISSIONS.INVOICES_MANAGE","Backend_Fintech/src/__tests__/integration/subscriptions-invoices.integration.test.ts","e2e/tests/subscriptions.spec.ts","partial-verified"
"GET","/api/v1/invoices/:id/pdf","invoices","Backend_Fintech/src/app/modules/invoices/routes/invoice.routes.ts",true,"PERMISSIONS.INVOICES_READ;PERMISSIONS.INVOICES_WRITE;PERMISSIONS.INVOICES_MANAGE","Backend_Fintech/src/__tests__/integration/subscriptions-invoices.integration.test.ts","e2e/tests/subscriptions.spec.ts","partial-verified"
"GET","/api/v1/invoices/:id/pdf/metadata","invoices","Backend_Fintech/src/app/modules/invoices/routes/invoice.routes.ts",true,"PERMISSIONS.INVOICES_READ;PERMISSIONS.INVOICES_WRITE;PERMISSIONS.INVOICES_MANAGE","Backend_Fintech/src/__tests__/integration/subscriptions-invoices.integration.test.ts","e2e/tests/subscriptions.spec.ts","partial-verified"
"POST","/api/v1/invoices/:id/duplicate","invoices","Backend_Fintech/src/app/modules/invoices/routes/invoice.routes.ts",true,"PERMISSIONS.INVOICES_READ;PERMISSIONS.INVOICES_WRITE;PERMISSIONS.INVOICES_MANAGE","Backend_Fintech/src/__tests__/integration/subscriptions-invoices.integration.test.ts","e2e/tests/subscriptions.spec.ts","partial-verified"
"POST","/api/v1/invoices/:id/void","invoices","Backend_Fintech/src/app/modules/invoices/routes/invoice.routes.ts",true,"PERMISSIONS.INVOICES_READ;PERMISSIONS.INVOICES_WRITE;PERMISSIONS.INVOICES_MANAGE","Backend_Fintech/src/__tests__/integration/subscriptions-invoices.integration.test.ts","e2e/tests/subscriptions.spec.ts","partial-verified"
"POST","/api/v1/invoices/:id/cancel","invoices","Backend_Fintech/src/app/modules/invoices/routes/invoice.routes.ts",true,"PERMISSIONS.INVOICES_READ;PERMISSIONS.INVOICES_WRITE;PERMISSIONS.INVOICES_MANAGE","Backend_Fintech/src/__tests__/integration/subscriptions-invoices.integration.test.ts","e2e/tests/subscriptions.spec.ts","partial-verified"
"POST","/api/v1/invoices/:id/send","invoices","Backend_Fintech/src/app/modules/invoices/routes/invoice.routes.ts",true,"PERMISSIONS.INVOICES_READ;PERMISSIONS.INVOICES_WRITE;PERMISSIONS.INVOICES_MANAGE","Backend_Fintech/src/__tests__/integration/subscriptions-invoices.integration.test.ts","e2e/tests/subscriptions.spec.ts","partial-verified"
"POST","/api/v1/invoices/:id/mark-viewed","invoices","Backend_Fintech/src/app/modules/invoices/routes/invoice.routes.ts",true,"PERMISSIONS.INVOICES_READ;PERMISSIONS.INVOICES_WRITE;PERMISSIONS.INVOICES_MANAGE","Backend_Fintech/src/__tests__/integration/subscriptions-invoices.integration.test.ts","e2e/tests/subscriptions.spec.ts","partial-verified"
"POST","/api/v1/invoices/:id/mark-overdue","invoices","Backend_Fintech/src/app/modules/invoices/routes/invoice.routes.ts",true,"PERMISSIONS.INVOICES_READ;PERMISSIONS.INVOICES_WRITE;PERMISSIONS.INVOICES_MANAGE","Backend_Fintech/src/__tests__/integration/subscriptions-invoices.integration.test.ts","e2e/tests/subscriptions.spec.ts","partial-verified"
"POST","/api/v1/invoices/:id/mark-paid","invoices","Backend_Fintech/src/app/modules/invoices/routes/invoice.routes.ts",true,"PERMISSIONS.INVOICES_READ;PERMISSIONS.INVOICES_WRITE;PERMISSIONS.INVOICES_MANAGE","Backend_Fintech/src/__tests__/integration/subscriptions-invoices.integration.test.ts","e2e/tests/subscriptions.spec.ts","partial-verified"
"POST","/api/v1/invoices/:id/email","invoices","Backend_Fintech/src/app/modules/invoices/routes/invoice.routes.ts",true,"PERMISSIONS.INVOICES_READ;PERMISSIONS.INVOICES_WRITE;PERMISSIONS.INVOICES_MANAGE","Backend_Fintech/src/__tests__/integration/subscriptions-invoices.integration.test.ts","e2e/tests/subscriptions.spec.ts","partial-verified"
"POST","/api/v1/invoices/:id/payment-link","invoices","Backend_Fintech/src/app/modules/invoices/routes/invoice.routes.ts",true,"PERMISSIONS.INVOICES_READ;PERMISSIONS.INVOICES_WRITE;PERMISSIONS.INVOICES_MANAGE","Backend_Fintech/src/__tests__/integration/subscriptions-invoices.integration.test.ts","e2e/tests/subscriptions.spec.ts","partial-verified"
"POST","/api/v1/invoices/:id/payment-link/regenerate","invoices","Backend_Fintech/src/app/modules/invoices/routes/invoice.routes.ts",true,"PERMISSIONS.INVOICES_READ;PERMISSIONS.INVOICES_WRITE;PERMISSIONS.INVOICES_MANAGE","Backend_Fintech/src/__tests__/integration/subscriptions-invoices.integration.test.ts","e2e/tests/subscriptions.spec.ts","partial-verified"
"POST","/api/v1/invoices/:id/payment-link/disable","invoices","Backend_Fintech/src/app/modules/invoices/routes/invoice.routes.ts",true,"PERMISSIONS.INVOICES_READ;PERMISSIONS.INVOICES_WRITE;PERMISSIONS.INVOICES_MANAGE","Backend_Fintech/src/__tests__/integration/subscriptions-invoices.integration.test.ts","e2e/tests/subscriptions.spec.ts","partial-verified"
"GET","/api/v1/invoices/:id","invoices","Backend_Fintech/src/app/modules/invoices/routes/invoice.routes.ts",true,"PERMISSIONS.INVOICES_READ;PERMISSIONS.INVOICES_WRITE;PERMISSIONS.INVOICES_MANAGE","Backend_Fintech/src/__tests__/integration/subscriptions-invoices.integration.test.ts","e2e/tests/subscriptions.spec.ts","partial-verified"
"PUT","/api/v1/invoices/:id","invoices","Backend_Fintech/src/app/modules/invoices/routes/invoice.routes.ts",true,"PERMISSIONS.INVOICES_READ;PERMISSIONS.INVOICES_WRITE;PERMISSIONS.INVOICES_MANAGE","Backend_Fintech/src/__tests__/integration/subscriptions-invoices.integration.test.ts","e2e/tests/subscriptions.spec.ts","partial-verified"
"GET","/api/v1/merchants/search","merchant","Backend_Fintech/src/app/modules/merchant/routes/merchant.routes.ts",true,"PERMISSIONS.MERCHANTS_READ;PERMISSIONS.MERCHANTS_WRITE;PERMISSIONS.MERCHANTS_DELETE","Backend_Fintech/src/__tests__/integration/authorization.integration.test.ts;Backend_Fintech/src/__tests__/integration/chargebacks-refunds.integration.test.ts;Backend_Fintech/src/__tests__/integration/checkout.integration.test.ts;Backend_Fintech/src/__tests__/integration/concurrency.integration.test.ts;Backend_Fintech/src/__tests__/integration/database.integration.test.ts;Backend_Fintech/src/__tests__/integration/developer-sandbox.integration.test.ts;Backend_Fintech/src/__tests__/integration/merchants.integration.test.ts;Backend_Fintech/src/__tests__/integration/negative.integration.test.ts;Backend_Fintech/src/__tests__/integration/notifications.integration.test.ts;Backend_Fintech/src/__tests__/integration/payment-transactions.integration.test.ts;Backend_Fintech/src/__tests__/integration/payments.integration.test.ts;Backend_Fintech/src/__tests__/integration/qr-payment-links.integration.test.ts;Backend_Fintech/src/__tests__/integration/reports-audit.integration.test.ts;Backend_Fintech/src/__tests__/integration/subscriptions-invoices.integration.test.ts;Backend_Fintech/src/__tests__/integration/users.integration.test.ts;Backend_Fintech/src/__tests__/integration/webhooks-workers.integration.test.ts","e2e/tests/chargebacks.spec.ts;e2e/tests/errors.spec.ts;e2e/tests/merchants.spec.ts;e2e/tests/payments.spec.ts;e2e/tests/rbac.spec.ts;e2e/tests/responsive.spec.ts;e2e/tests/subscriptions.spec.ts","partial-verified"
"GET","/api/v1/merchants/statistics","merchant","Backend_Fintech/src/app/modules/merchant/routes/merchant.routes.ts",true,"PERMISSIONS.MERCHANTS_READ;PERMISSIONS.MERCHANTS_WRITE;PERMISSIONS.MERCHANTS_DELETE","Backend_Fintech/src/__tests__/integration/authorization.integration.test.ts;Backend_Fintech/src/__tests__/integration/chargebacks-refunds.integration.test.ts;Backend_Fintech/src/__tests__/integration/checkout.integration.test.ts;Backend_Fintech/src/__tests__/integration/concurrency.integration.test.ts;Backend_Fintech/src/__tests__/integration/database.integration.test.ts;Backend_Fintech/src/__tests__/integration/developer-sandbox.integration.test.ts;Backend_Fintech/src/__tests__/integration/merchants.integration.test.ts;Backend_Fintech/src/__tests__/integration/negative.integration.test.ts;Backend_Fintech/src/__tests__/integration/notifications.integration.test.ts;Backend_Fintech/src/__tests__/integration/payment-transactions.integration.test.ts;Backend_Fintech/src/__tests__/integration/payments.integration.test.ts;Backend_Fintech/src/__tests__/integration/qr-payment-links.integration.test.ts;Backend_Fintech/src/__tests__/integration/reports-audit.integration.test.ts;Backend_Fintech/src/__tests__/integration/subscriptions-invoices.integration.test.ts;Backend_Fintech/src/__tests__/integration/users.integration.test.ts;Backend_Fintech/src/__tests__/integration/webhooks-workers.integration.test.ts","e2e/tests/chargebacks.spec.ts;e2e/tests/errors.spec.ts;e2e/tests/merchants.spec.ts;e2e/tests/payments.spec.ts;e2e/tests/rbac.spec.ts;e2e/tests/responsive.spec.ts;e2e/tests/subscriptions.spec.ts","partial-verified"
"GET","/api/v1/merchants/","merchant","Backend_Fintech/src/app/modules/merchant/routes/merchant.routes.ts",true,"PERMISSIONS.MERCHANTS_READ;PERMISSIONS.MERCHANTS_WRITE;PERMISSIONS.MERCHANTS_DELETE","Backend_Fintech/src/__tests__/integration/authorization.integration.test.ts;Backend_Fintech/src/__tests__/integration/chargebacks-refunds.integration.test.ts;Backend_Fintech/src/__tests__/integration/checkout.integration.test.ts;Backend_Fintech/src/__tests__/integration/concurrency.integration.test.ts;Backend_Fintech/src/__tests__/integration/database.integration.test.ts;Backend_Fintech/src/__tests__/integration/developer-sandbox.integration.test.ts;Backend_Fintech/src/__tests__/integration/merchants.integration.test.ts;Backend_Fintech/src/__tests__/integration/negative.integration.test.ts;Backend_Fintech/src/__tests__/integration/notifications.integration.test.ts;Backend_Fintech/src/__tests__/integration/payment-transactions.integration.test.ts;Backend_Fintech/src/__tests__/integration/payments.integration.test.ts;Backend_Fintech/src/__tests__/integration/qr-payment-links.integration.test.ts;Backend_Fintech/src/__tests__/integration/reports-audit.integration.test.ts;Backend_Fintech/src/__tests__/integration/subscriptions-invoices.integration.test.ts;Backend_Fintech/src/__tests__/integration/users.integration.test.ts;Backend_Fintech/src/__tests__/integration/webhooks-workers.integration.test.ts","e2e/tests/chargebacks.spec.ts;e2e/tests/errors.spec.ts;e2e/tests/merchants.spec.ts;e2e/tests/payments.spec.ts;e2e/tests/rbac.spec.ts;e2e/tests/responsive.spec.ts;e2e/tests/subscriptions.spec.ts","partial-verified"
"POST","/api/v1/merchants/","merchant","Backend_Fintech/src/app/modules/merchant/routes/merchant.routes.ts",true,"PERMISSIONS.MERCHANTS_READ;PERMISSIONS.MERCHANTS_WRITE;PERMISSIONS.MERCHANTS_DELETE","Backend_Fintech/src/__tests__/integration/authorization.integration.test.ts;Backend_Fintech/src/__tests__/integration/chargebacks-refunds.integration.test.ts;Backend_Fintech/src/__tests__/integration/checkout.integration.test.ts;Backend_Fintech/src/__tests__/integration/concurrency.integration.test.ts;Backend_Fintech/src/__tests__/integration/database.integration.test.ts;Backend_Fintech/src/__tests__/integration/developer-sandbox.integration.test.ts;Backend_Fintech/src/__tests__/integration/merchants.integration.test.ts;Backend_Fintech/src/__tests__/integration/negative.integration.test.ts;Backend_Fintech/src/__tests__/integration/notifications.integration.test.ts;Backend_Fintech/src/__tests__/integration/payment-transactions.integration.test.ts;Backend_Fintech/src/__tests__/integration/payments.integration.test.ts;Backend_Fintech/src/__tests__/integration/qr-payment-links.integration.test.ts;Backend_Fintech/src/__tests__/integration/reports-audit.integration.test.ts;Backend_Fintech/src/__tests__/integration/subscriptions-invoices.integration.test.ts;Backend_Fintech/src/__tests__/integration/users.integration.test.ts;Backend_Fintech/src/__tests__/integration/webhooks-workers.integration.test.ts","e2e/tests/chargebacks.spec.ts;e2e/tests/errors.spec.ts;e2e/tests/merchants.spec.ts;e2e/tests/payments.spec.ts;e2e/tests/rbac.spec.ts;e2e/tests/responsive.spec.ts;e2e/tests/subscriptions.spec.ts","partial-verified"
"GET","/api/v1/merchants/:id","merchant","Backend_Fintech/src/app/modules/merchant/routes/merchant.routes.ts",true,"PERMISSIONS.MERCHANTS_READ;PERMISSIONS.MERCHANTS_WRITE;PERMISSIONS.MERCHANTS_DELETE","Backend_Fintech/src/__tests__/integration/authorization.integration.test.ts;Backend_Fintech/src/__tests__/integration/chargebacks-refunds.integration.test.ts;Backend_Fintech/src/__tests__/integration/checkout.integration.test.ts;Backend_Fintech/src/__tests__/integration/concurrency.integration.test.ts;Backend_Fintech/src/__tests__/integration/database.integration.test.ts;Backend_Fintech/src/__tests__/integration/developer-sandbox.integration.test.ts;Backend_Fintech/src/__tests__/integration/merchants.integration.test.ts;Backend_Fintech/src/__tests__/integration/negative.integration.test.ts;Backend_Fintech/src/__tests__/integration/notifications.integration.test.ts;Backend_Fintech/src/__tests__/integration/payment-transactions.integration.test.ts;Backend_Fintech/src/__tests__/integration/payments.integration.test.ts;Backend_Fintech/src/__tests__/integration/qr-payment-links.integration.test.ts;Backend_Fintech/src/__tests__/integration/reports-audit.integration.test.ts;Backend_Fintech/src/__tests__/integration/subscriptions-invoices.integration.test.ts;Backend_Fintech/src/__tests__/integration/users.integration.test.ts;Backend_Fintech/src/__tests__/integration/webhooks-workers.integration.test.ts","e2e/tests/chargebacks.spec.ts;e2e/tests/errors.spec.ts;e2e/tests/merchants.spec.ts;e2e/tests/payments.spec.ts;e2e/tests/rbac.spec.ts;e2e/tests/responsive.spec.ts;e2e/tests/subscriptions.spec.ts","partial-verified"
"PUT","/api/v1/merchants/:id","merchant","Backend_Fintech/src/app/modules/merchant/routes/merchant.routes.ts",true,"PERMISSIONS.MERCHANTS_READ;PERMISSIONS.MERCHANTS_WRITE;PERMISSIONS.MERCHANTS_DELETE","Backend_Fintech/src/__tests__/integration/authorization.integration.test.ts;Backend_Fintech/src/__tests__/integration/chargebacks-refunds.integration.test.ts;Backend_Fintech/src/__tests__/integration/checkout.integration.test.ts;Backend_Fintech/src/__tests__/integration/concurrency.integration.test.ts;Backend_Fintech/src/__tests__/integration/database.integration.test.ts;Backend_Fintech/src/__tests__/integration/developer-sandbox.integration.test.ts;Backend_Fintech/src/__tests__/integration/merchants.integration.test.ts;Backend_Fintech/src/__tests__/integration/negative.integration.test.ts;Backend_Fintech/src/__tests__/integration/notifications.integration.test.ts;Backend_Fintech/src/__tests__/integration/payment-transactions.integration.test.ts;Backend_Fintech/src/__tests__/integration/payments.integration.test.ts;Backend_Fintech/src/__tests__/integration/qr-payment-links.integration.test.ts;Backend_Fintech/src/__tests__/integration/reports-audit.integration.test.ts;Backend_Fintech/src/__tests__/integration/subscriptions-invoices.integration.test.ts;Backend_Fintech/src/__tests__/integration/users.integration.test.ts;Backend_Fintech/src/__tests__/integration/webhooks-workers.integration.test.ts","e2e/tests/chargebacks.spec.ts;e2e/tests/errors.spec.ts;e2e/tests/merchants.spec.ts;e2e/tests/payments.spec.ts;e2e/tests/rbac.spec.ts;e2e/tests/responsive.spec.ts;e2e/tests/subscriptions.spec.ts","partial-verified"
"PATCH","/api/v1/merchants/:id/status","merchant","Backend_Fintech/src/app/modules/merchant/routes/merchant.routes.ts",true,"PERMISSIONS.MERCHANTS_READ;PERMISSIONS.MERCHANTS_WRITE;PERMISSIONS.MERCHANTS_DELETE","Backend_Fintech/src/__tests__/integration/authorization.integration.test.ts;Backend_Fintech/src/__tests__/integration/chargebacks-refunds.integration.test.ts;Backend_Fintech/src/__tests__/integration/checkout.integration.test.ts;Backend_Fintech/src/__tests__/integration/concurrency.integration.test.ts;Backend_Fintech/src/__tests__/integration/database.integration.test.ts;Backend_Fintech/src/__tests__/integration/developer-sandbox.integration.test.ts;Backend_Fintech/src/__tests__/integration/merchants.integration.test.ts;Backend_Fintech/src/__tests__/integration/negative.integration.test.ts;Backend_Fintech/src/__tests__/integration/notifications.integration.test.ts;Backend_Fintech/src/__tests__/integration/payment-transactions.integration.test.ts;Backend_Fintech/src/__tests__/integration/payments.integration.test.ts;Backend_Fintech/src/__tests__/integration/qr-payment-links.integration.test.ts;Backend_Fintech/src/__tests__/integration/reports-audit.integration.test.ts;Backend_Fintech/src/__tests__/integration/subscriptions-invoices.integration.test.ts;Backend_Fintech/src/__tests__/integration/users.integration.test.ts;Backend_Fintech/src/__tests__/integration/webhooks-workers.integration.test.ts","e2e/tests/chargebacks.spec.ts;e2e/tests/errors.spec.ts;e2e/tests/merchants.spec.ts;e2e/tests/payments.spec.ts;e2e/tests/rbac.spec.ts;e2e/tests/responsive.spec.ts;e2e/tests/subscriptions.spec.ts","partial-verified"
"DELETE","/api/v1/merchants/:id","merchant","Backend_Fintech/src/app/modules/merchant/routes/merchant.routes.ts",true,"PERMISSIONS.MERCHANTS_READ;PERMISSIONS.MERCHANTS_WRITE;PERMISSIONS.MERCHANTS_DELETE","Backend_Fintech/src/__tests__/integration/authorization.integration.test.ts;Backend_Fintech/src/__tests__/integration/chargebacks-refunds.integration.test.ts;Backend_Fintech/src/__tests__/integration/checkout.integration.test.ts;Backend_Fintech/src/__tests__/integration/concurrency.integration.test.ts;Backend_Fintech/src/__tests__/integration/database.integration.test.ts;Backend_Fintech/src/__tests__/integration/developer-sandbox.integration.test.ts;Backend_Fintech/src/__tests__/integration/merchants.integration.test.ts;Backend_Fintech/src/__tests__/integration/negative.integration.test.ts;Backend_Fintech/src/__tests__/integration/notifications.integration.test.ts;Backend_Fintech/src/__tests__/integration/payment-transactions.integration.test.ts;Backend_Fintech/src/__tests__/integration/payments.integration.test.ts;Backend_Fintech/src/__tests__/integration/qr-payment-links.integration.test.ts;Backend_Fintech/src/__tests__/integration/reports-audit.integration.test.ts;Backend_Fintech/src/__tests__/integration/subscriptions-invoices.integration.test.ts;Backend_Fintech/src/__tests__/integration/users.integration.test.ts;Backend_Fintech/src/__tests__/integration/webhooks-workers.integration.test.ts","e2e/tests/chargebacks.spec.ts;e2e/tests/errors.spec.ts;e2e/tests/merchants.spec.ts;e2e/tests/payments.spec.ts;e2e/tests/rbac.spec.ts;e2e/tests/responsive.spec.ts;e2e/tests/subscriptions.spec.ts","partial-verified"
"GET","/api/v1/merchants/:id/transactions","merchant","Backend_Fintech/src/app/modules/merchant/routes/merchant.routes.ts",true,"PERMISSIONS.MERCHANTS_READ;PERMISSIONS.MERCHANTS_WRITE;PERMISSIONS.MERCHANTS_DELETE","Backend_Fintech/src/__tests__/integration/authorization.integration.test.ts;Backend_Fintech/src/__tests__/integration/chargebacks-refunds.integration.test.ts;Backend_Fintech/src/__tests__/integration/checkout.integration.test.ts;Backend_Fintech/src/__tests__/integration/concurrency.integration.test.ts;Backend_Fintech/src/__tests__/integration/database.integration.test.ts;Backend_Fintech/src/__tests__/integration/developer-sandbox.integration.test.ts;Backend_Fintech/src/__tests__/integration/merchants.integration.test.ts;Backend_Fintech/src/__tests__/integration/negative.integration.test.ts;Backend_Fintech/src/__tests__/integration/notifications.integration.test.ts;Backend_Fintech/src/__tests__/integration/payment-transactions.integration.test.ts;Backend_Fintech/src/__tests__/integration/payments.integration.test.ts;Backend_Fintech/src/__tests__/integration/qr-payment-links.integration.test.ts;Backend_Fintech/src/__tests__/integration/reports-audit.integration.test.ts;Backend_Fintech/src/__tests__/integration/subscriptions-invoices.integration.test.ts;Backend_Fintech/src/__tests__/integration/users.integration.test.ts;Backend_Fintech/src/__tests__/integration/webhooks-workers.integration.test.ts","e2e/tests/chargebacks.spec.ts;e2e/tests/errors.spec.ts;e2e/tests/merchants.spec.ts;e2e/tests/payments.spec.ts;e2e/tests/rbac.spec.ts;e2e/tests/responsive.spec.ts;e2e/tests/subscriptions.spec.ts","partial-verified"
"GET","/api/v1/merchants/:id/settlements","merchant","Backend_Fintech/src/app/modules/merchant/routes/merchant.routes.ts",true,"PERMISSIONS.MERCHANTS_READ;PERMISSIONS.MERCHANTS_WRITE;PERMISSIONS.MERCHANTS_DELETE","Backend_Fintech/src/__tests__/integration/authorization.integration.test.ts;Backend_Fintech/src/__tests__/integration/chargebacks-refunds.integration.test.ts;Backend_Fintech/src/__tests__/integration/checkout.integration.test.ts;Backend_Fintech/src/__tests__/integration/concurrency.integration.test.ts;Backend_Fintech/src/__tests__/integration/database.integration.test.ts;Backend_Fintech/src/__tests__/integration/developer-sandbox.integration.test.ts;Backend_Fintech/src/__tests__/integration/merchants.integration.test.ts;Backend_Fintech/src/__tests__/integration/negative.integration.test.ts;Backend_Fintech/src/__tests__/integration/notifications.integration.test.ts;Backend_Fintech/src/__tests__/integration/payment-transactions.integration.test.ts;Backend_Fintech/src/__tests__/integration/payments.integration.test.ts;Backend_Fintech/src/__tests__/integration/qr-payment-links.integration.test.ts;Backend_Fintech/src/__tests__/integration/reports-audit.integration.test.ts;Backend_Fintech/src/__tests__/integration/subscriptions-invoices.integration.test.ts;Backend_Fintech/src/__tests__/integration/users.integration.test.ts;Backend_Fintech/src/__tests__/integration/webhooks-workers.integration.test.ts","e2e/tests/chargebacks.spec.ts;e2e/tests/errors.spec.ts;e2e/tests/merchants.spec.ts;e2e/tests/payments.spec.ts;e2e/tests/rbac.spec.ts;e2e/tests/responsive.spec.ts;e2e/tests/subscriptions.spec.ts","partial-verified"
"GET","/api/v1/merchants/:id/documents","merchant","Backend_Fintech/src/app/modules/merchant/routes/merchant.routes.ts",true,"PERMISSIONS.MERCHANTS_READ;PERMISSIONS.MERCHANTS_WRITE;PERMISSIONS.MERCHANTS_DELETE","Backend_Fintech/src/__tests__/integration/authorization.integration.test.ts;Backend_Fintech/src/__tests__/integration/chargebacks-refunds.integration.test.ts;Backend_Fintech/src/__tests__/integration/checkout.integration.test.ts;Backend_Fintech/src/__tests__/integration/concurrency.integration.test.ts;Backend_Fintech/src/__tests__/integration/database.integration.test.ts;Backend_Fintech/src/__tests__/integration/developer-sandbox.integration.test.ts;Backend_Fintech/src/__tests__/integration/merchants.integration.test.ts;Backend_Fintech/src/__tests__/integration/negative.integration.test.ts;Backend_Fintech/src/__tests__/integration/notifications.integration.test.ts;Backend_Fintech/src/__tests__/integration/payment-transactions.integration.test.ts;Backend_Fintech/src/__tests__/integration/payments.integration.test.ts;Backend_Fintech/src/__tests__/integration/qr-payment-links.integration.test.ts;Backend_Fintech/src/__tests__/integration/reports-audit.integration.test.ts;Backend_Fintech/src/__tests__/integration/subscriptions-invoices.integration.test.ts;Backend_Fintech/src/__tests__/integration/users.integration.test.ts;Backend_Fintech/src/__tests__/integration/webhooks-workers.integration.test.ts","e2e/tests/chargebacks.spec.ts;e2e/tests/errors.spec.ts;e2e/tests/merchants.spec.ts;e2e/tests/payments.spec.ts;e2e/tests/rbac.spec.ts;e2e/tests/responsive.spec.ts;e2e/tests/subscriptions.spec.ts","partial-verified"
"POST","/api/v1/merchants/:id/documents","merchant","Backend_Fintech/src/app/modules/merchant/routes/merchant.routes.ts",true,"PERMISSIONS.MERCHANTS_READ;PERMISSIONS.MERCHANTS_WRITE;PERMISSIONS.MERCHANTS_DELETE","Backend_Fintech/src/__tests__/integration/authorization.integration.test.ts;Backend_Fintech/src/__tests__/integration/chargebacks-refunds.integration.test.ts;Backend_Fintech/src/__tests__/integration/checkout.integration.test.ts;Backend_Fintech/src/__tests__/integration/concurrency.integration.test.ts;Backend_Fintech/src/__tests__/integration/database.integration.test.ts;Backend_Fintech/src/__tests__/integration/developer-sandbox.integration.test.ts;Backend_Fintech/src/__tests__/integration/merchants.integration.test.ts;Backend_Fintech/src/__tests__/integration/negative.integration.test.ts;Backend_Fintech/src/__tests__/integration/notifications.integration.test.ts;Backend_Fintech/src/__tests__/integration/payment-transactions.integration.test.ts;Backend_Fintech/src/__tests__/integration/payments.integration.test.ts;Backend_Fintech/src/__tests__/integration/qr-payment-links.integration.test.ts;Backend_Fintech/src/__tests__/integration/reports-audit.integration.test.ts;Backend_Fintech/src/__tests__/integration/subscriptions-invoices.integration.test.ts;Backend_Fintech/src/__tests__/integration/users.integration.test.ts;Backend_Fintech/src/__tests__/integration/webhooks-workers.integration.test.ts","e2e/tests/chargebacks.spec.ts;e2e/tests/errors.spec.ts;e2e/tests/merchants.spec.ts;e2e/tests/payments.spec.ts;e2e/tests/rbac.spec.ts;e2e/tests/responsive.spec.ts;e2e/tests/subscriptions.spec.ts","partial-verified"
"DELETE","/api/v1/merchants/:id/documents/:documentId","merchant","Backend_Fintech/src/app/modules/merchant/routes/merchant.routes.ts",true,"PERMISSIONS.MERCHANTS_READ;PERMISSIONS.MERCHANTS_WRITE;PERMISSIONS.MERCHANTS_DELETE","Backend_Fintech/src/__tests__/integration/authorization.integration.test.ts;Backend_Fintech/src/__tests__/integration/chargebacks-refunds.integration.test.ts;Backend_Fintech/src/__tests__/integration/checkout.integration.test.ts;Backend_Fintech/src/__tests__/integration/concurrency.integration.test.ts;Backend_Fintech/src/__tests__/integration/database.integration.test.ts;Backend_Fintech/src/__tests__/integration/developer-sandbox.integration.test.ts;Backend_Fintech/src/__tests__/integration/merchants.integration.test.ts;Backend_Fintech/src/__tests__/integration/negative.integration.test.ts;Backend_Fintech/src/__tests__/integration/notifications.integration.test.ts;Backend_Fintech/src/__tests__/integration/payment-transactions.integration.test.ts;Backend_Fintech/src/__tests__/integration/payments.integration.test.ts;Backend_Fintech/src/__tests__/integration/qr-payment-links.integration.test.ts;Backend_Fintech/src/__tests__/integration/reports-audit.integration.test.ts;Backend_Fintech/src/__tests__/integration/subscriptions-invoices.integration.test.ts;Backend_Fintech/src/__tests__/integration/users.integration.test.ts;Backend_Fintech/src/__tests__/integration/webhooks-workers.integration.test.ts","e2e/tests/chargebacks.spec.ts;e2e/tests/errors.spec.ts;e2e/tests/merchants.spec.ts;e2e/tests/payments.spec.ts;e2e/tests/rbac.spec.ts;e2e/tests/responsive.spec.ts;e2e/tests/subscriptions.spec.ts","partial-verified"
"GET","/api/v1/merchants/statistics","merchant-onboarding","Backend_Fintech/src/app/modules/merchant-onboarding/routes/merchant-onboarding.routes.ts",true,"PERMISSIONS.MERCHANT_ONBOARDING_READ;PERMISSIONS.MERCHANT_ONBOARDING_WRITE;PERMISSIONS.MERCHANT_ONBOARDING_APPROVE;PERMISSIONS.MERCHANT_ONBOARDING_REJECT;PERMISSIONS.MERCHANT_ONBOARDING_SUSPEND","Backend_Fintech/src/__tests__/integration/authorization.integration.test.ts;Backend_Fintech/src/__tests__/integration/merchants.integration.test.ts;Backend_Fintech/src/__tests__/integration/negative.integration.test.ts;Backend_Fintech/src/__tests__/integration/reports-audit.integration.test.ts","e2e/tests/merchants.spec.ts;e2e/tests/responsive.spec.ts","partial-verified"
"GET","/api/v1/merchants/","merchant-onboarding","Backend_Fintech/src/app/modules/merchant-onboarding/routes/merchant-onboarding.routes.ts",true,"PERMISSIONS.MERCHANT_ONBOARDING_READ;PERMISSIONS.MERCHANT_ONBOARDING_WRITE;PERMISSIONS.MERCHANT_ONBOARDING_APPROVE;PERMISSIONS.MERCHANT_ONBOARDING_REJECT;PERMISSIONS.MERCHANT_ONBOARDING_SUSPEND","Backend_Fintech/src/__tests__/integration/authorization.integration.test.ts;Backend_Fintech/src/__tests__/integration/merchants.integration.test.ts;Backend_Fintech/src/__tests__/integration/negative.integration.test.ts;Backend_Fintech/src/__tests__/integration/reports-audit.integration.test.ts","e2e/tests/merchants.spec.ts;e2e/tests/responsive.spec.ts","partial-verified"
"POST","/api/v1/merchants/","merchant-onboarding","Backend_Fintech/src/app/modules/merchant-onboarding/routes/merchant-onboarding.routes.ts",true,"PERMISSIONS.MERCHANT_ONBOARDING_READ;PERMISSIONS.MERCHANT_ONBOARDING_WRITE;PERMISSIONS.MERCHANT_ONBOARDING_APPROVE;PERMISSIONS.MERCHANT_ONBOARDING_REJECT;PERMISSIONS.MERCHANT_ONBOARDING_SUSPEND","Backend_Fintech/src/__tests__/integration/authorization.integration.test.ts;Backend_Fintech/src/__tests__/integration/merchants.integration.test.ts;Backend_Fintech/src/__tests__/integration/negative.integration.test.ts;Backend_Fintech/src/__tests__/integration/reports-audit.integration.test.ts","e2e/tests/merchants.spec.ts;e2e/tests/responsive.spec.ts","partial-verified"
"GET","/api/v1/merchants/:id","merchant-onboarding","Backend_Fintech/src/app/modules/merchant-onboarding/routes/merchant-onboarding.routes.ts",true,"PERMISSIONS.MERCHANT_ONBOARDING_READ;PERMISSIONS.MERCHANT_ONBOARDING_WRITE;PERMISSIONS.MERCHANT_ONBOARDING_APPROVE;PERMISSIONS.MERCHANT_ONBOARDING_REJECT;PERMISSIONS.MERCHANT_ONBOARDING_SUSPEND","Backend_Fintech/src/__tests__/integration/authorization.integration.test.ts;Backend_Fintech/src/__tests__/integration/merchants.integration.test.ts;Backend_Fintech/src/__tests__/integration/negative.integration.test.ts;Backend_Fintech/src/__tests__/integration/reports-audit.integration.test.ts","e2e/tests/merchants.spec.ts;e2e/tests/responsive.spec.ts","partial-verified"
"GET","/api/v1/merchants/:id/timeline","merchant-onboarding","Backend_Fintech/src/app/modules/merchant-onboarding/routes/merchant-onboarding.routes.ts",true,"PERMISSIONS.MERCHANT_ONBOARDING_READ;PERMISSIONS.MERCHANT_ONBOARDING_WRITE;PERMISSIONS.MERCHANT_ONBOARDING_APPROVE;PERMISSIONS.MERCHANT_ONBOARDING_REJECT;PERMISSIONS.MERCHANT_ONBOARDING_SUSPEND","Backend_Fintech/src/__tests__/integration/authorization.integration.test.ts;Backend_Fintech/src/__tests__/integration/merchants.integration.test.ts;Backend_Fintech/src/__tests__/integration/negative.integration.test.ts;Backend_Fintech/src/__tests__/integration/reports-audit.integration.test.ts","e2e/tests/merchants.spec.ts;e2e/tests/responsive.spec.ts","partial-verified"
"PUT","/api/v1/merchants/:id/business","merchant-onboarding","Backend_Fintech/src/app/modules/merchant-onboarding/routes/merchant-onboarding.routes.ts",true,"PERMISSIONS.MERCHANT_ONBOARDING_READ;PERMISSIONS.MERCHANT_ONBOARDING_WRITE;PERMISSIONS.MERCHANT_ONBOARDING_APPROVE;PERMISSIONS.MERCHANT_ONBOARDING_REJECT;PERMISSIONS.MERCHANT_ONBOARDING_SUSPEND","Backend_Fintech/src/__tests__/integration/authorization.integration.test.ts;Backend_Fintech/src/__tests__/integration/merchants.integration.test.ts;Backend_Fintech/src/__tests__/integration/negative.integration.test.ts;Backend_Fintech/src/__tests__/integration/reports-audit.integration.test.ts","e2e/tests/merchants.spec.ts;e2e/tests/responsive.spec.ts","partial-verified"
"PUT","/api/v1/merchants/:id/addresses","merchant-onboarding","Backend_Fintech/src/app/modules/merchant-onboarding/routes/merchant-onboarding.routes.ts",true,"PERMISSIONS.MERCHANT_ONBOARDING_READ;PERMISSIONS.MERCHANT_ONBOARDING_WRITE;PERMISSIONS.MERCHANT_ONBOARDING_APPROVE;PERMISSIONS.MERCHANT_ONBOARDING_REJECT;PERMISSIONS.MERCHANT_ONBOARDING_SUSPEND","Backend_Fintech/src/__tests__/integration/authorization.integration.test.ts;Backend_Fintech/src/__tests__/integration/merchants.integration.test.ts;Backend_Fintech/src/__tests__/integration/negative.integration.test.ts;Backend_Fintech/src/__tests__/integration/reports-audit.integration.test.ts","e2e/tests/merchants.spec.ts;e2e/tests/responsive.spec.ts","partial-verified"
"PUT","/api/v1/merchants/:id/kyc","merchant-onboarding","Backend_Fintech/src/app/modules/merchant-onboarding/routes/merchant-onboarding.routes.ts",true,"PERMISSIONS.MERCHANT_ONBOARDING_READ;PERMISSIONS.MERCHANT_ONBOARDING_WRITE;PERMISSIONS.MERCHANT_ONBOARDING_APPROVE;PERMISSIONS.MERCHANT_ONBOARDING_REJECT;PERMISSIONS.MERCHANT_ONBOARDING_SUSPEND","Backend_Fintech/src/__tests__/integration/authorization.integration.test.ts;Backend_Fintech/src/__tests__/integration/merchants.integration.test.ts;Backend_Fintech/src/__tests__/integration/negative.integration.test.ts;Backend_Fintech/src/__tests__/integration/reports-audit.integration.test.ts","e2e/tests/merchants.spec.ts;e2e/tests/responsive.spec.ts","partial-verified"
"PUT","/api/v1/merchants/:id/bank","merchant-onboarding","Backend_Fintech/src/app/modules/merchant-onboarding/routes/merchant-onboarding.routes.ts",true,"PERMISSIONS.MERCHANT_ONBOARDING_READ;PERMISSIONS.MERCHANT_ONBOARDING_WRITE;PERMISSIONS.MERCHANT_ONBOARDING_APPROVE;PERMISSIONS.MERCHANT_ONBOARDING_REJECT;PERMISSIONS.MERCHANT_ONBOARDING_SUSPEND","Backend_Fintech/src/__tests__/integration/authorization.integration.test.ts;Backend_Fintech/src/__tests__/integration/merchants.integration.test.ts;Backend_Fintech/src/__tests__/integration/negative.integration.test.ts;Backend_Fintech/src/__tests__/integration/reports-audit.integration.test.ts","e2e/tests/merchants.spec.ts;e2e/tests/responsive.spec.ts","partial-verified"
"PUT","/api/v1/merchants/:id/settlement","merchant-onboarding","Backend_Fintech/src/app/modules/merchant-onboarding/routes/merchant-onboarding.routes.ts",true,"PERMISSIONS.MERCHANT_ONBOARDING_READ;PERMISSIONS.MERCHANT_ONBOARDING_WRITE;PERMISSIONS.MERCHANT_ONBOARDING_APPROVE;PERMISSIONS.MERCHANT_ONBOARDING_REJECT;PERMISSIONS.MERCHANT_ONBOARDING_SUSPEND","Backend_Fintech/src/__tests__/integration/authorization.integration.test.ts;Backend_Fintech/src/__tests__/integration/merchants.integration.test.ts;Backend_Fintech/src/__tests__/integration/negative.integration.test.ts;Backend_Fintech/src/__tests__/integration/reports-audit.integration.test.ts","e2e/tests/merchants.spec.ts;e2e/tests/responsive.spec.ts","partial-verified"
"PUT","/api/v1/merchants/:id/payment","merchant-onboarding","Backend_Fintech/src/app/modules/merchant-onboarding/routes/merchant-onboarding.routes.ts",true,"PERMISSIONS.MERCHANT_ONBOARDING_READ;PERMISSIONS.MERCHANT_ONBOARDING_WRITE;PERMISSIONS.MERCHANT_ONBOARDING_APPROVE;PERMISSIONS.MERCHANT_ONBOARDING_REJECT;PERMISSIONS.MERCHANT_ONBOARDING_SUSPEND","Backend_Fintech/src/__tests__/integration/authorization.integration.test.ts;Backend_Fintech/src/__tests__/integration/merchants.integration.test.ts;Backend_Fintech/src/__tests__/integration/negative.integration.test.ts;Backend_Fintech/src/__tests__/integration/reports-audit.integration.test.ts","e2e/tests/merchants.spec.ts;e2e/tests/responsive.spec.ts","partial-verified"
"POST","/api/v1/merchants/:id/submit","merchant-onboarding","Backend_Fintech/src/app/modules/merchant-onboarding/routes/merchant-onboarding.routes.ts",true,"PERMISSIONS.MERCHANT_ONBOARDING_READ;PERMISSIONS.MERCHANT_ONBOARDING_WRITE;PERMISSIONS.MERCHANT_ONBOARDING_APPROVE;PERMISSIONS.MERCHANT_ONBOARDING_REJECT;PERMISSIONS.MERCHANT_ONBOARDING_SUSPEND","Backend_Fintech/src/__tests__/integration/authorization.integration.test.ts;Backend_Fintech/src/__tests__/integration/merchants.integration.test.ts;Backend_Fintech/src/__tests__/integration/negative.integration.test.ts;Backend_Fintech/src/__tests__/integration/reports-audit.integration.test.ts","e2e/tests/merchants.spec.ts;e2e/tests/responsive.spec.ts","partial-verified"
"POST","/api/v1/merchants/:id/approve","merchant-onboarding","Backend_Fintech/src/app/modules/merchant-onboarding/routes/merchant-onboarding.routes.ts",true,"PERMISSIONS.MERCHANT_ONBOARDING_READ;PERMISSIONS.MERCHANT_ONBOARDING_WRITE;PERMISSIONS.MERCHANT_ONBOARDING_APPROVE;PERMISSIONS.MERCHANT_ONBOARDING_REJECT;PERMISSIONS.MERCHANT_ONBOARDING_SUSPEND","Backend_Fintech/src/__tests__/integration/authorization.integration.test.ts;Backend_Fintech/src/__tests__/integration/merchants.integration.test.ts;Backend_Fintech/src/__tests__/integration/negative.integration.test.ts;Backend_Fintech/src/__tests__/integration/reports-audit.integration.test.ts","e2e/tests/merchants.spec.ts;e2e/tests/responsive.spec.ts","partial-verified"
"POST","/api/v1/merchants/:id/reject","merchant-onboarding","Backend_Fintech/src/app/modules/merchant-onboarding/routes/merchant-onboarding.routes.ts",true,"PERMISSIONS.MERCHANT_ONBOARDING_READ;PERMISSIONS.MERCHANT_ONBOARDING_WRITE;PERMISSIONS.MERCHANT_ONBOARDING_APPROVE;PERMISSIONS.MERCHANT_ONBOARDING_REJECT;PERMISSIONS.MERCHANT_ONBOARDING_SUSPEND","Backend_Fintech/src/__tests__/integration/authorization.integration.test.ts;Backend_Fintech/src/__tests__/integration/merchants.integration.test.ts;Backend_Fintech/src/__tests__/integration/negative.integration.test.ts;Backend_Fintech/src/__tests__/integration/reports-audit.integration.test.ts","e2e/tests/merchants.spec.ts;e2e/tests/responsive.spec.ts","partial-verified"
"POST","/api/v1/merchants/:id/go-live","merchant-onboarding","Backend_Fintech/src/app/modules/merchant-onboarding/routes/merchant-onboarding.routes.ts",true,"PERMISSIONS.MERCHANT_ONBOARDING_READ;PERMISSIONS.MERCHANT_ONBOARDING_WRITE;PERMISSIONS.MERCHANT_ONBOARDING_APPROVE;PERMISSIONS.MERCHANT_ONBOARDING_REJECT;PERMISSIONS.MERCHANT_ONBOARDING_SUSPEND","Backend_Fintech/src/__tests__/integration/authorization.integration.test.ts;Backend_Fintech/src/__tests__/integration/merchants.integration.test.ts;Backend_Fintech/src/__tests__/integration/negative.integration.test.ts;Backend_Fintech/src/__tests__/integration/reports-audit.integration.test.ts","e2e/tests/merchants.spec.ts;e2e/tests/responsive.spec.ts","partial-verified"
"POST","/api/v1/merchants/:id/suspend","merchant-onboarding","Backend_Fintech/src/app/modules/merchant-onboarding/routes/merchant-onboarding.routes.ts",true,"PERMISSIONS.MERCHANT_ONBOARDING_READ;PERMISSIONS.MERCHANT_ONBOARDING_WRITE;PERMISSIONS.MERCHANT_ONBOARDING_APPROVE;PERMISSIONS.MERCHANT_ONBOARDING_REJECT;PERMISSIONS.MERCHANT_ONBOARDING_SUSPEND","Backend_Fintech/src/__tests__/integration/authorization.integration.test.ts;Backend_Fintech/src/__tests__/integration/merchants.integration.test.ts;Backend_Fintech/src/__tests__/integration/negative.integration.test.ts;Backend_Fintech/src/__tests__/integration/reports-audit.integration.test.ts","e2e/tests/merchants.spec.ts;e2e/tests/responsive.spec.ts","partial-verified"
"GET","/api/v1/merchants/me","merchant-users","Backend_Fintech/src/app/modules/merchant-users/routes/merchant-user.routes.ts",true,"PERMISSIONS.MERCHANT_USERS_READ;PERMISSIONS.MERCHANT_USERS_WRITE;PERMISSIONS.MERCHANT_USERS_MANAGE","Backend_Fintech/src/__tests__/integration/authorization.integration.test.ts;Backend_Fintech/src/__tests__/integration/merchants.integration.test.ts;Backend_Fintech/src/__tests__/integration/negative.integration.test.ts;Backend_Fintech/src/__tests__/integration/reports-audit.integration.test.ts","e2e/tests/merchants.spec.ts;e2e/tests/responsive.spec.ts","partial-verified"
"GET","/api/v1/merchants/roles","merchant-users","Backend_Fintech/src/app/modules/merchant-users/routes/merchant-user.routes.ts",true,"PERMISSIONS.MERCHANT_USERS_READ;PERMISSIONS.MERCHANT_USERS_WRITE;PERMISSIONS.MERCHANT_USERS_MANAGE","Backend_Fintech/src/__tests__/integration/authorization.integration.test.ts;Backend_Fintech/src/__tests__/integration/merchants.integration.test.ts;Backend_Fintech/src/__tests__/integration/negative.integration.test.ts;Backend_Fintech/src/__tests__/integration/reports-audit.integration.test.ts","e2e/tests/merchants.spec.ts;e2e/tests/responsive.spec.ts","partial-verified"
"GET","/api/v1/merchants/","merchant-users","Backend_Fintech/src/app/modules/merchant-users/routes/merchant-user.routes.ts",true,"PERMISSIONS.MERCHANT_USERS_READ;PERMISSIONS.MERCHANT_USERS_WRITE;PERMISSIONS.MERCHANT_USERS_MANAGE","Backend_Fintech/src/__tests__/integration/authorization.integration.test.ts;Backend_Fintech/src/__tests__/integration/merchants.integration.test.ts;Backend_Fintech/src/__tests__/integration/negative.integration.test.ts;Backend_Fintech/src/__tests__/integration/reports-audit.integration.test.ts","e2e/tests/merchants.spec.ts;e2e/tests/responsive.spec.ts","partial-verified"
"POST","/api/v1/merchants/","merchant-users","Backend_Fintech/src/app/modules/merchant-users/routes/merchant-user.routes.ts",true,"PERMISSIONS.MERCHANT_USERS_READ;PERMISSIONS.MERCHANT_USERS_WRITE;PERMISSIONS.MERCHANT_USERS_MANAGE","Backend_Fintech/src/__tests__/integration/authorization.integration.test.ts;Backend_Fintech/src/__tests__/integration/merchants.integration.test.ts;Backend_Fintech/src/__tests__/integration/negative.integration.test.ts;Backend_Fintech/src/__tests__/integration/reports-audit.integration.test.ts","e2e/tests/merchants.spec.ts;e2e/tests/responsive.spec.ts","partial-verified"
"POST","/api/v1/merchants/invite","merchant-users","Backend_Fintech/src/app/modules/merchant-users/routes/merchant-user.routes.ts",true,"PERMISSIONS.MERCHANT_USERS_READ;PERMISSIONS.MERCHANT_USERS_WRITE;PERMISSIONS.MERCHANT_USERS_MANAGE","Backend_Fintech/src/__tests__/integration/authorization.integration.test.ts;Backend_Fintech/src/__tests__/integration/merchants.integration.test.ts;Backend_Fintech/src/__tests__/integration/negative.integration.test.ts;Backend_Fintech/src/__tests__/integration/reports-audit.integration.test.ts","e2e/tests/merchants.spec.ts;e2e/tests/responsive.spec.ts","partial-verified"
"GET","/api/v1/merchants/:id","merchant-users","Backend_Fintech/src/app/modules/merchant-users/routes/merchant-user.routes.ts",true,"PERMISSIONS.MERCHANT_USERS_READ;PERMISSIONS.MERCHANT_USERS_WRITE;PERMISSIONS.MERCHANT_USERS_MANAGE","Backend_Fintech/src/__tests__/integration/authorization.integration.test.ts;Backend_Fintech/src/__tests__/integration/merchants.integration.test.ts;Backend_Fintech/src/__tests__/integration/negative.integration.test.ts;Backend_Fintech/src/__tests__/integration/reports-audit.integration.test.ts","e2e/tests/merchants.spec.ts;e2e/tests/responsive.spec.ts","partial-verified"
"PUT","/api/v1/merchants/:id","merchant-users","Backend_Fintech/src/app/modules/merchant-users/routes/merchant-user.routes.ts",true,"PERMISSIONS.MERCHANT_USERS_READ;PERMISSIONS.MERCHANT_USERS_WRITE;PERMISSIONS.MERCHANT_USERS_MANAGE","Backend_Fintech/src/__tests__/integration/authorization.integration.test.ts;Backend_Fintech/src/__tests__/integration/merchants.integration.test.ts;Backend_Fintech/src/__tests__/integration/negative.integration.test.ts;Backend_Fintech/src/__tests__/integration/reports-audit.integration.test.ts","e2e/tests/merchants.spec.ts;e2e/tests/responsive.spec.ts","partial-verified"
"POST","/api/v1/merchants/:id/activate","merchant-users","Backend_Fintech/src/app/modules/merchant-users/routes/merchant-user.routes.ts",true,"PERMISSIONS.MERCHANT_USERS_READ;PERMISSIONS.MERCHANT_USERS_WRITE;PERMISSIONS.MERCHANT_USERS_MANAGE","Backend_Fintech/src/__tests__/integration/authorization.integration.test.ts;Backend_Fintech/src/__tests__/integration/merchants.integration.test.ts;Backend_Fintech/src/__tests__/integration/negative.integration.test.ts;Backend_Fintech/src/__tests__/integration/reports-audit.integration.test.ts","e2e/tests/merchants.spec.ts;e2e/tests/responsive.spec.ts","partial-verified"
"POST","/api/v1/merchants/:id/deactivate","merchant-users","Backend_Fintech/src/app/modules/merchant-users/routes/merchant-user.routes.ts",true,"PERMISSIONS.MERCHANT_USERS_READ;PERMISSIONS.MERCHANT_USERS_WRITE;PERMISSIONS.MERCHANT_USERS_MANAGE","Backend_Fintech/src/__tests__/integration/authorization.integration.test.ts;Backend_Fintech/src/__tests__/integration/merchants.integration.test.ts;Backend_Fintech/src/__tests__/integration/negative.integration.test.ts;Backend_Fintech/src/__tests__/integration/reports-audit.integration.test.ts","e2e/tests/merchants.spec.ts;e2e/tests/responsive.spec.ts","partial-verified"
"PUT","/api/v1/merchants/:id/role","merchant-users","Backend_Fintech/src/app/modules/merchant-users/routes/merchant-user.routes.ts",true,"PERMISSIONS.MERCHANT_USERS_READ;PERMISSIONS.MERCHANT_USERS_WRITE;PERMISSIONS.MERCHANT_USERS_MANAGE","Backend_Fintech/src/__tests__/integration/authorization.integration.test.ts;Backend_Fintech/src/__tests__/integration/merchants.integration.test.ts;Backend_Fintech/src/__tests__/integration/negative.integration.test.ts;Backend_Fintech/src/__tests__/integration/reports-audit.integration.test.ts","e2e/tests/merchants.spec.ts;e2e/tests/responsive.spec.ts","partial-verified"
"PUT","/api/v1/merchants/:id/outlets","merchant-users","Backend_Fintech/src/app/modules/merchant-users/routes/merchant-user.routes.ts",true,"PERMISSIONS.MERCHANT_USERS_READ;PERMISSIONS.MERCHANT_USERS_WRITE;PERMISSIONS.MERCHANT_USERS_MANAGE","Backend_Fintech/src/__tests__/integration/authorization.integration.test.ts;Backend_Fintech/src/__tests__/integration/merchants.integration.test.ts;Backend_Fintech/src/__tests__/integration/negative.integration.test.ts;Backend_Fintech/src/__tests__/integration/reports-audit.integration.test.ts","e2e/tests/merchants.spec.ts;e2e/tests/responsive.spec.ts","partial-verified"
"POST","/api/v1/merchants/:id/reset-password","merchant-users","Backend_Fintech/src/app/modules/merchant-users/routes/merchant-user.routes.ts",true,"PERMISSIONS.MERCHANT_USERS_READ;PERMISSIONS.MERCHANT_USERS_WRITE;PERMISSIONS.MERCHANT_USERS_MANAGE","Backend_Fintech/src/__tests__/integration/authorization.integration.test.ts;Backend_Fintech/src/__tests__/integration/merchants.integration.test.ts;Backend_Fintech/src/__tests__/integration/negative.integration.test.ts;Backend_Fintech/src/__tests__/integration/reports-audit.integration.test.ts","e2e/tests/merchants.spec.ts;e2e/tests/responsive.spec.ts","partial-verified"
"GET","/api/v1/notifications/","notifications","Backend_Fintech/src/app/modules/notifications/routes/notification.routes.ts",true,"PERMISSIONS.NOTIFICATIONS_READ;PERMISSIONS.NOTIFICATIONS_WRITE;PERMISSIONS.NOTIFICATIONS_MANAGE;PERMISSIONS.NOTIFICATIONS_BROADCAST","Backend_Fintech/src/__tests__/integration/notifications.integration.test.ts","","partial-verified"
"GET","/api/v1/notifications/unread-count","notifications","Backend_Fintech/src/app/modules/notifications/routes/notification.routes.ts",true,"PERMISSIONS.NOTIFICATIONS_READ;PERMISSIONS.NOTIFICATIONS_WRITE;PERMISSIONS.NOTIFICATIONS_MANAGE;PERMISSIONS.NOTIFICATIONS_BROADCAST","Backend_Fintech/src/__tests__/integration/notifications.integration.test.ts","","partial-verified"
"PATCH","/api/v1/notifications/read-all","notifications","Backend_Fintech/src/app/modules/notifications/routes/notification.routes.ts",true,"PERMISSIONS.NOTIFICATIONS_READ;PERMISSIONS.NOTIFICATIONS_WRITE;PERMISSIONS.NOTIFICATIONS_MANAGE;PERMISSIONS.NOTIFICATIONS_BROADCAST","Backend_Fintech/src/__tests__/integration/notifications.integration.test.ts","","partial-verified"
"PATCH","/api/v1/notifications/archive-all","notifications","Backend_Fintech/src/app/modules/notifications/routes/notification.routes.ts",true,"PERMISSIONS.NOTIFICATIONS_READ;PERMISSIONS.NOTIFICATIONS_WRITE;PERMISSIONS.NOTIFICATIONS_MANAGE;PERMISSIONS.NOTIFICATIONS_BROADCAST","Backend_Fintech/src/__tests__/integration/notifications.integration.test.ts","","partial-verified"
"GET","/api/v1/notifications/templates","notifications","Backend_Fintech/src/app/modules/notifications/routes/notification.routes.ts",true,"PERMISSIONS.NOTIFICATIONS_READ;PERMISSIONS.NOTIFICATIONS_WRITE;PERMISSIONS.NOTIFICATIONS_MANAGE;PERMISSIONS.NOTIFICATIONS_BROADCAST","Backend_Fintech/src/__tests__/integration/notifications.integration.test.ts","","partial-verified"
"POST","/api/v1/notifications/templates","notifications","Backend_Fintech/src/app/modules/notifications/routes/notification.routes.ts",true,"PERMISSIONS.NOTIFICATIONS_READ;PERMISSIONS.NOTIFICATIONS_WRITE;PERMISSIONS.NOTIFICATIONS_MANAGE;PERMISSIONS.NOTIFICATIONS_BROADCAST","Backend_Fintech/src/__tests__/integration/notifications.integration.test.ts","","partial-verified"
"GET","/api/v1/notifications/templates/:id","notifications","Backend_Fintech/src/app/modules/notifications/routes/notification.routes.ts",true,"PERMISSIONS.NOTIFICATIONS_READ;PERMISSIONS.NOTIFICATIONS_WRITE;PERMISSIONS.NOTIFICATIONS_MANAGE;PERMISSIONS.NOTIFICATIONS_BROADCAST","Backend_Fintech/src/__tests__/integration/notifications.integration.test.ts","","partial-verified"
"PUT","/api/v1/notifications/templates/:id","notifications","Backend_Fintech/src/app/modules/notifications/routes/notification.routes.ts",true,"PERMISSIONS.NOTIFICATIONS_READ;PERMISSIONS.NOTIFICATIONS_WRITE;PERMISSIONS.NOTIFICATIONS_MANAGE;PERMISSIONS.NOTIFICATIONS_BROADCAST","Backend_Fintech/src/__tests__/integration/notifications.integration.test.ts","","partial-verified"
"DELETE","/api/v1/notifications/templates/:id","notifications","Backend_Fintech/src/app/modules/notifications/routes/notification.routes.ts",true,"PERMISSIONS.NOTIFICATIONS_READ;PERMISSIONS.NOTIFICATIONS_WRITE;PERMISSIONS.NOTIFICATIONS_MANAGE;PERMISSIONS.NOTIFICATIONS_BROADCAST","Backend_Fintech/src/__tests__/integration/notifications.integration.test.ts","","partial-verified"
"GET","/api/v1/notifications/broadcasts","notifications","Backend_Fintech/src/app/modules/notifications/routes/notification.routes.ts",true,"PERMISSIONS.NOTIFICATIONS_READ;PERMISSIONS.NOTIFICATIONS_WRITE;PERMISSIONS.NOTIFICATIONS_MANAGE;PERMISSIONS.NOTIFICATIONS_BROADCAST","Backend_Fintech/src/__tests__/integration/notifications.integration.test.ts","","partial-verified"
"POST","/api/v1/notifications/broadcasts","notifications","Backend_Fintech/src/app/modules/notifications/routes/notification.routes.ts",true,"PERMISSIONS.NOTIFICATIONS_READ;PERMISSIONS.NOTIFICATIONS_WRITE;PERMISSIONS.NOTIFICATIONS_MANAGE;PERMISSIONS.NOTIFICATIONS_BROADCAST","Backend_Fintech/src/__tests__/integration/notifications.integration.test.ts","","partial-verified"
"GET","/api/v1/notifications/campaigns","notifications","Backend_Fintech/src/app/modules/notifications/routes/notification.routes.ts",true,"PERMISSIONS.NOTIFICATIONS_READ;PERMISSIONS.NOTIFICATIONS_WRITE;PERMISSIONS.NOTIFICATIONS_MANAGE;PERMISSIONS.NOTIFICATIONS_BROADCAST","Backend_Fintech/src/__tests__/integration/notifications.integration.test.ts","","partial-verified"
"POST","/api/v1/notifications/campaigns","notifications","Backend_Fintech/src/app/modules/notifications/routes/notification.routes.ts",true,"PERMISSIONS.NOTIFICATIONS_READ;PERMISSIONS.NOTIFICATIONS_WRITE;PERMISSIONS.NOTIFICATIONS_MANAGE;PERMISSIONS.NOTIFICATIONS_BROADCAST","Backend_Fintech/src/__tests__/integration/notifications.integration.test.ts","","partial-verified"
"GET","/api/v1/notifications/campaigns/:id","notifications","Backend_Fintech/src/app/modules/notifications/routes/notification.routes.ts",true,"PERMISSIONS.NOTIFICATIONS_READ;PERMISSIONS.NOTIFICATIONS_WRITE;PERMISSIONS.NOTIFICATIONS_MANAGE;PERMISSIONS.NOTIFICATIONS_BROADCAST","Backend_Fintech/src/__tests__/integration/notifications.integration.test.ts","","partial-verified"
"PUT","/api/v1/notifications/campaigns/:id","notifications","Backend_Fintech/src/app/modules/notifications/routes/notification.routes.ts",true,"PERMISSIONS.NOTIFICATIONS_READ;PERMISSIONS.NOTIFICATIONS_WRITE;PERMISSIONS.NOTIFICATIONS_MANAGE;PERMISSIONS.NOTIFICATIONS_BROADCAST","Backend_Fintech/src/__tests__/integration/notifications.integration.test.ts","","partial-verified"
"DELETE","/api/v1/notifications/campaigns/:id","notifications","Backend_Fintech/src/app/modules/notifications/routes/notification.routes.ts",true,"PERMISSIONS.NOTIFICATIONS_READ;PERMISSIONS.NOTIFICATIONS_WRITE;PERMISSIONS.NOTIFICATIONS_MANAGE;PERMISSIONS.NOTIFICATIONS_BROADCAST","Backend_Fintech/src/__tests__/integration/notifications.integration.test.ts","","partial-verified"
"GET","/api/v1/notifications/templates/:id/variables","notifications","Backend_Fintech/src/app/modules/notifications/routes/notification.routes.ts",true,"PERMISSIONS.NOTIFICATIONS_READ;PERMISSIONS.NOTIFICATIONS_WRITE;PERMISSIONS.NOTIFICATIONS_MANAGE;PERMISSIONS.NOTIFICATIONS_BROADCAST","Backend_Fintech/src/__tests__/integration/notifications.integration.test.ts","","partial-verified"
"GET","/api/v1/notifications/channels","notifications","Backend_Fintech/src/app/modules/notifications/routes/notification.routes.ts",true,"PERMISSIONS.NOTIFICATIONS_READ;PERMISSIONS.NOTIFICATIONS_WRITE;PERMISSIONS.NOTIFICATIONS_MANAGE;PERMISSIONS.NOTIFICATIONS_BROADCAST","Backend_Fintech/src/__tests__/integration/notifications.integration.test.ts","","partial-verified"
"GET","/api/v1/notifications/events","notifications","Backend_Fintech/src/app/modules/notifications/routes/notification.routes.ts",true,"PERMISSIONS.NOTIFICATIONS_READ;PERMISSIONS.NOTIFICATIONS_WRITE;PERMISSIONS.NOTIFICATIONS_MANAGE;PERMISSIONS.NOTIFICATIONS_BROADCAST","Backend_Fintech/src/__tests__/integration/notifications.integration.test.ts","","partial-verified"
"GET","/api/v1/notifications/groups","notifications","Backend_Fintech/src/app/modules/notifications/routes/notification.routes.ts",true,"PERMISSIONS.NOTIFICATIONS_READ;PERMISSIONS.NOTIFICATIONS_WRITE;PERMISSIONS.NOTIFICATIONS_MANAGE;PERMISSIONS.NOTIFICATIONS_BROADCAST","Backend_Fintech/src/__tests__/integration/notifications.integration.test.ts","","partial-verified"
"GET","/api/v1/notifications/:id","notifications","Backend_Fintech/src/app/modules/notifications/routes/notification.routes.ts",true,"PERMISSIONS.NOTIFICATIONS_READ;PERMISSIONS.NOTIFICATIONS_WRITE;PERMISSIONS.NOTIFICATIONS_MANAGE;PERMISSIONS.NOTIFICATIONS_BROADCAST","Backend_Fintech/src/__tests__/integration/notifications.integration.test.ts","","partial-verified"
"PATCH","/api/v1/notifications/:id/read","notifications","Backend_Fintech/src/app/modules/notifications/routes/notification.routes.ts",true,"PERMISSIONS.NOTIFICATIONS_READ;PERMISSIONS.NOTIFICATIONS_WRITE;PERMISSIONS.NOTIFICATIONS_MANAGE;PERMISSIONS.NOTIFICATIONS_BROADCAST","Backend_Fintech/src/__tests__/integration/notifications.integration.test.ts","","partial-verified"
"PATCH","/api/v1/notifications/:id/archive","notifications","Backend_Fintech/src/app/modules/notifications/routes/notification.routes.ts",true,"PERMISSIONS.NOTIFICATIONS_READ;PERMISSIONS.NOTIFICATIONS_WRITE;PERMISSIONS.NOTIFICATIONS_MANAGE;PERMISSIONS.NOTIFICATIONS_BROADCAST","Backend_Fintech/src/__tests__/integration/notifications.integration.test.ts","","partial-verified"
"DELETE","/api/v1/notifications/:id","notifications","Backend_Fintech/src/app/modules/notifications/routes/notification.routes.ts",true,"PERMISSIONS.NOTIFICATIONS_READ;PERMISSIONS.NOTIFICATIONS_WRITE;PERMISSIONS.NOTIFICATIONS_MANAGE;PERMISSIONS.NOTIFICATIONS_BROADCAST","Backend_Fintech/src/__tests__/integration/notifications.integration.test.ts","","partial-verified"
"GET","/api/v1/onboarding-approval/stages","onboarding-approval","Backend_Fintech/src/app/modules/onboarding-approval/routes/approval.routes.ts",true,"PERMISSIONS.ONBOARDING_WORKFLOW_READ;PERMISSIONS.COMPLIANCE_QUEUE_READ;PERMISSIONS.COMPLIANCE_QUEUE_MANAGE;PERMISSIONS.ONBOARDING_WORKFLOW_WRITE;PERMISSIONS.ONBOARDING_WORKFLOW_APPROVE;PERMISSIONS.ONBOARDING_WORKFLOW_REJECT;PERMISSIONS.ONBOARDING_WORKFLOW_SEND_BACK;PERMISSIONS.ONBOARDING_WORKFLOW_REASSIGN;PERMISSIONS.ONBOARDING_WORKFLOW_SKIP;PERMISSIONS.GO_LIVE_EXECUTE;PERMISSIONS.MERCHANT_ONBOARDING_SUSPEND;PERMISSIONS.RISK_REVIEW_READ;PERMISSIONS.RISK_REVIEW_WRITE;PERMISSIONS.KYC_REVIEW_READ;PERMISSIONS.KYC_REVIEW_WRITE","","","NOT VERIFIED"
"GET","/api/v1/onboarding-approval/dashboard-stats","onboarding-approval","Backend_Fintech/src/app/modules/onboarding-approval/routes/approval.routes.ts",true,"PERMISSIONS.ONBOARDING_WORKFLOW_READ;PERMISSIONS.COMPLIANCE_QUEUE_READ;PERMISSIONS.COMPLIANCE_QUEUE_MANAGE;PERMISSIONS.ONBOARDING_WORKFLOW_WRITE;PERMISSIONS.ONBOARDING_WORKFLOW_APPROVE;PERMISSIONS.ONBOARDING_WORKFLOW_REJECT;PERMISSIONS.ONBOARDING_WORKFLOW_SEND_BACK;PERMISSIONS.ONBOARDING_WORKFLOW_REASSIGN;PERMISSIONS.ONBOARDING_WORKFLOW_SKIP;PERMISSIONS.GO_LIVE_EXECUTE;PERMISSIONS.MERCHANT_ONBOARDING_SUSPEND;PERMISSIONS.RISK_REVIEW_READ;PERMISSIONS.RISK_REVIEW_WRITE;PERMISSIONS.KYC_REVIEW_READ;PERMISSIONS.KYC_REVIEW_WRITE","","","NOT VERIFIED"
"GET","/api/v1/onboarding-approval/compliance-queue","onboarding-approval","Backend_Fintech/src/app/modules/onboarding-approval/routes/approval.routes.ts",true,"PERMISSIONS.ONBOARDING_WORKFLOW_READ;PERMISSIONS.COMPLIANCE_QUEUE_READ;PERMISSIONS.COMPLIANCE_QUEUE_MANAGE;PERMISSIONS.ONBOARDING_WORKFLOW_WRITE;PERMISSIONS.ONBOARDING_WORKFLOW_APPROVE;PERMISSIONS.ONBOARDING_WORKFLOW_REJECT;PERMISSIONS.ONBOARDING_WORKFLOW_SEND_BACK;PERMISSIONS.ONBOARDING_WORKFLOW_REASSIGN;PERMISSIONS.ONBOARDING_WORKFLOW_SKIP;PERMISSIONS.GO_LIVE_EXECUTE;PERMISSIONS.MERCHANT_ONBOARDING_SUSPEND;PERMISSIONS.RISK_REVIEW_READ;PERMISSIONS.RISK_REVIEW_WRITE;PERMISSIONS.KYC_REVIEW_READ;PERMISSIONS.KYC_REVIEW_WRITE","","","NOT VERIFIED"
"POST","/api/v1/onboarding-approval/compliance-queue/bulk-assign","onboarding-approval","Backend_Fintech/src/app/modules/onboarding-approval/routes/approval.routes.ts",true,"PERMISSIONS.ONBOARDING_WORKFLOW_READ;PERMISSIONS.COMPLIANCE_QUEUE_READ;PERMISSIONS.COMPLIANCE_QUEUE_MANAGE;PERMISSIONS.ONBOARDING_WORKFLOW_WRITE;PERMISSIONS.ONBOARDING_WORKFLOW_APPROVE;PERMISSIONS.ONBOARDING_WORKFLOW_REJECT;PERMISSIONS.ONBOARDING_WORKFLOW_SEND_BACK;PERMISSIONS.ONBOARDING_WORKFLOW_REASSIGN;PERMISSIONS.ONBOARDING_WORKFLOW_SKIP;PERMISSIONS.GO_LIVE_EXECUTE;PERMISSIONS.MERCHANT_ONBOARDING_SUSPEND;PERMISSIONS.RISK_REVIEW_READ;PERMISSIONS.RISK_REVIEW_WRITE;PERMISSIONS.KYC_REVIEW_READ;PERMISSIONS.KYC_REVIEW_WRITE","","","NOT VERIFIED"
"GET","/api/v1/onboarding-approval/:applicationId/workflow","onboarding-approval","Backend_Fintech/src/app/modules/onboarding-approval/routes/approval.routes.ts",true,"PERMISSIONS.ONBOARDING_WORKFLOW_READ;PERMISSIONS.COMPLIANCE_QUEUE_READ;PERMISSIONS.COMPLIANCE_QUEUE_MANAGE;PERMISSIONS.ONBOARDING_WORKFLOW_WRITE;PERMISSIONS.ONBOARDING_WORKFLOW_APPROVE;PERMISSIONS.ONBOARDING_WORKFLOW_REJECT;PERMISSIONS.ONBOARDING_WORKFLOW_SEND_BACK;PERMISSIONS.ONBOARDING_WORKFLOW_REASSIGN;PERMISSIONS.ONBOARDING_WORKFLOW_SKIP;PERMISSIONS.GO_LIVE_EXECUTE;PERMISSIONS.MERCHANT_ONBOARDING_SUSPEND;PERMISSIONS.RISK_REVIEW_READ;PERMISSIONS.RISK_REVIEW_WRITE;PERMISSIONS.KYC_REVIEW_READ;PERMISSIONS.KYC_REVIEW_WRITE","","","NOT VERIFIED"
"POST","/api/v1/onboarding-approval/:applicationId/workflow/start","onboarding-approval","Backend_Fintech/src/app/modules/onboarding-approval/routes/approval.routes.ts",true,"PERMISSIONS.ONBOARDING_WORKFLOW_READ;PERMISSIONS.COMPLIANCE_QUEUE_READ;PERMISSIONS.COMPLIANCE_QUEUE_MANAGE;PERMISSIONS.ONBOARDING_WORKFLOW_WRITE;PERMISSIONS.ONBOARDING_WORKFLOW_APPROVE;PERMISSIONS.ONBOARDING_WORKFLOW_REJECT;PERMISSIONS.ONBOARDING_WORKFLOW_SEND_BACK;PERMISSIONS.ONBOARDING_WORKFLOW_REASSIGN;PERMISSIONS.ONBOARDING_WORKFLOW_SKIP;PERMISSIONS.GO_LIVE_EXECUTE;PERMISSIONS.MERCHANT_ONBOARDING_SUSPEND;PERMISSIONS.RISK_REVIEW_READ;PERMISSIONS.RISK_REVIEW_WRITE;PERMISSIONS.KYC_REVIEW_READ;PERMISSIONS.KYC_REVIEW_WRITE","","","NOT VERIFIED"
"POST","/api/v1/onboarding-approval/:applicationId/approve","onboarding-approval","Backend_Fintech/src/app/modules/onboarding-approval/routes/approval.routes.ts",true,"PERMISSIONS.ONBOARDING_WORKFLOW_READ;PERMISSIONS.COMPLIANCE_QUEUE_READ;PERMISSIONS.COMPLIANCE_QUEUE_MANAGE;PERMISSIONS.ONBOARDING_WORKFLOW_WRITE;PERMISSIONS.ONBOARDING_WORKFLOW_APPROVE;PERMISSIONS.ONBOARDING_WORKFLOW_REJECT;PERMISSIONS.ONBOARDING_WORKFLOW_SEND_BACK;PERMISSIONS.ONBOARDING_WORKFLOW_REASSIGN;PERMISSIONS.ONBOARDING_WORKFLOW_SKIP;PERMISSIONS.GO_LIVE_EXECUTE;PERMISSIONS.MERCHANT_ONBOARDING_SUSPEND;PERMISSIONS.RISK_REVIEW_READ;PERMISSIONS.RISK_REVIEW_WRITE;PERMISSIONS.KYC_REVIEW_READ;PERMISSIONS.KYC_REVIEW_WRITE","","","NOT VERIFIED"
"POST","/api/v1/onboarding-approval/:applicationId/reject","onboarding-approval","Backend_Fintech/src/app/modules/onboarding-approval/routes/approval.routes.ts",true,"PERMISSIONS.ONBOARDING_WORKFLOW_READ;PERMISSIONS.COMPLIANCE_QUEUE_READ;PERMISSIONS.COMPLIANCE_QUEUE_MANAGE;PERMISSIONS.ONBOARDING_WORKFLOW_WRITE;PERMISSIONS.ONBOARDING_WORKFLOW_APPROVE;PERMISSIONS.ONBOARDING_WORKFLOW_REJECT;PERMISSIONS.ONBOARDING_WORKFLOW_SEND_BACK;PERMISSIONS.ONBOARDING_WORKFLOW_REASSIGN;PERMISSIONS.ONBOARDING_WORKFLOW_SKIP;PERMISSIONS.GO_LIVE_EXECUTE;PERMISSIONS.MERCHANT_ONBOARDING_SUSPEND;PERMISSIONS.RISK_REVIEW_READ;PERMISSIONS.RISK_REVIEW_WRITE;PERMISSIONS.KYC_REVIEW_READ;PERMISSIONS.KYC_REVIEW_WRITE","","","NOT VERIFIED"
"POST","/api/v1/onboarding-approval/:applicationId/send-back","onboarding-approval","Backend_Fintech/src/app/modules/onboarding-approval/routes/approval.routes.ts",true,"PERMISSIONS.ONBOARDING_WORKFLOW_READ;PERMISSIONS.COMPLIANCE_QUEUE_READ;PERMISSIONS.COMPLIANCE_QUEUE_MANAGE;PERMISSIONS.ONBOARDING_WORKFLOW_WRITE;PERMISSIONS.ONBOARDING_WORKFLOW_APPROVE;PERMISSIONS.ONBOARDING_WORKFLOW_REJECT;PERMISSIONS.ONBOARDING_WORKFLOW_SEND_BACK;PERMISSIONS.ONBOARDING_WORKFLOW_REASSIGN;PERMISSIONS.ONBOARDING_WORKFLOW_SKIP;PERMISSIONS.GO_LIVE_EXECUTE;PERMISSIONS.MERCHANT_ONBOARDING_SUSPEND;PERMISSIONS.RISK_REVIEW_READ;PERMISSIONS.RISK_REVIEW_WRITE;PERMISSIONS.KYC_REVIEW_READ;PERMISSIONS.KYC_REVIEW_WRITE","","","NOT VERIFIED"
"POST","/api/v1/onboarding-approval/:applicationId/reassign","onboarding-approval","Backend_Fintech/src/app/modules/onboarding-approval/routes/approval.routes.ts",true,"PERMISSIONS.ONBOARDING_WORKFLOW_READ;PERMISSIONS.COMPLIANCE_QUEUE_READ;PERMISSIONS.COMPLIANCE_QUEUE_MANAGE;PERMISSIONS.ONBOARDING_WORKFLOW_WRITE;PERMISSIONS.ONBOARDING_WORKFLOW_APPROVE;PERMISSIONS.ONBOARDING_WORKFLOW_REJECT;PERMISSIONS.ONBOARDING_WORKFLOW_SEND_BACK;PERMISSIONS.ONBOARDING_WORKFLOW_REASSIGN;PERMISSIONS.ONBOARDING_WORKFLOW_SKIP;PERMISSIONS.GO_LIVE_EXECUTE;PERMISSIONS.MERCHANT_ONBOARDING_SUSPEND;PERMISSIONS.RISK_REVIEW_READ;PERMISSIONS.RISK_REVIEW_WRITE;PERMISSIONS.KYC_REVIEW_READ;PERMISSIONS.KYC_REVIEW_WRITE","","","NOT VERIFIED"
"POST","/api/v1/onboarding-approval/:applicationId/skip-stage","onboarding-approval","Backend_Fintech/src/app/modules/onboarding-approval/routes/approval.routes.ts",true,"PERMISSIONS.ONBOARDING_WORKFLOW_READ;PERMISSIONS.COMPLIANCE_QUEUE_READ;PERMISSIONS.COMPLIANCE_QUEUE_MANAGE;PERMISSIONS.ONBOARDING_WORKFLOW_WRITE;PERMISSIONS.ONBOARDING_WORKFLOW_APPROVE;PERMISSIONS.ONBOARDING_WORKFLOW_REJECT;PERMISSIONS.ONBOARDING_WORKFLOW_SEND_BACK;PERMISSIONS.ONBOARDING_WORKFLOW_REASSIGN;PERMISSIONS.ONBOARDING_WORKFLOW_SKIP;PERMISSIONS.GO_LIVE_EXECUTE;PERMISSIONS.MERCHANT_ONBOARDING_SUSPEND;PERMISSIONS.RISK_REVIEW_READ;PERMISSIONS.RISK_REVIEW_WRITE;PERMISSIONS.KYC_REVIEW_READ;PERMISSIONS.KYC_REVIEW_WRITE","","","NOT VERIFIED"
"POST","/api/v1/onboarding-approval/:applicationId/go-live","onboarding-approval","Backend_Fintech/src/app/modules/onboarding-approval/routes/approval.routes.ts",true,"PERMISSIONS.ONBOARDING_WORKFLOW_READ;PERMISSIONS.COMPLIANCE_QUEUE_READ;PERMISSIONS.COMPLIANCE_QUEUE_MANAGE;PERMISSIONS.ONBOARDING_WORKFLOW_WRITE;PERMISSIONS.ONBOARDING_WORKFLOW_APPROVE;PERMISSIONS.ONBOARDING_WORKFLOW_REJECT;PERMISSIONS.ONBOARDING_WORKFLOW_SEND_BACK;PERMISSIONS.ONBOARDING_WORKFLOW_REASSIGN;PERMISSIONS.ONBOARDING_WORKFLOW_SKIP;PERMISSIONS.GO_LIVE_EXECUTE;PERMISSIONS.MERCHANT_ONBOARDING_SUSPEND;PERMISSIONS.RISK_REVIEW_READ;PERMISSIONS.RISK_REVIEW_WRITE;PERMISSIONS.KYC_REVIEW_READ;PERMISSIONS.KYC_REVIEW_WRITE","","","NOT VERIFIED"
"POST","/api/v1/onboarding-approval/:applicationId/suspend","onboarding-approval","Backend_Fintech/src/app/modules/onboarding-approval/routes/approval.routes.ts",true,"PERMISSIONS.ONBOARDING_WORKFLOW_READ;PERMISSIONS.COMPLIANCE_QUEUE_READ;PERMISSIONS.COMPLIANCE_QUEUE_MANAGE;PERMISSIONS.ONBOARDING_WORKFLOW_WRITE;PERMISSIONS.ONBOARDING_WORKFLOW_APPROVE;PERMISSIONS.ONBOARDING_WORKFLOW_REJECT;PERMISSIONS.ONBOARDING_WORKFLOW_SEND_BACK;PERMISSIONS.ONBOARDING_WORKFLOW_REASSIGN;PERMISSIONS.ONBOARDING_WORKFLOW_SKIP;PERMISSIONS.GO_LIVE_EXECUTE;PERMISSIONS.MERCHANT_ONBOARDING_SUSPEND;PERMISSIONS.RISK_REVIEW_READ;PERMISSIONS.RISK_REVIEW_WRITE;PERMISSIONS.KYC_REVIEW_READ;PERMISSIONS.KYC_REVIEW_WRITE","","","NOT VERIFIED"
"POST","/api/v1/onboarding-approval/:applicationId/activate","onboarding-approval","Backend_Fintech/src/app/modules/onboarding-approval/routes/approval.routes.ts",true,"PERMISSIONS.ONBOARDING_WORKFLOW_READ;PERMISSIONS.COMPLIANCE_QUEUE_READ;PERMISSIONS.COMPLIANCE_QUEUE_MANAGE;PERMISSIONS.ONBOARDING_WORKFLOW_WRITE;PERMISSIONS.ONBOARDING_WORKFLOW_APPROVE;PERMISSIONS.ONBOARDING_WORKFLOW_REJECT;PERMISSIONS.ONBOARDING_WORKFLOW_SEND_BACK;PERMISSIONS.ONBOARDING_WORKFLOW_REASSIGN;PERMISSIONS.ONBOARDING_WORKFLOW_SKIP;PERMISSIONS.GO_LIVE_EXECUTE;PERMISSIONS.MERCHANT_ONBOARDING_SUSPEND;PERMISSIONS.RISK_REVIEW_READ;PERMISSIONS.RISK_REVIEW_WRITE;PERMISSIONS.KYC_REVIEW_READ;PERMISSIONS.KYC_REVIEW_WRITE","","","NOT VERIFIED"
"GET","/api/v1/onboarding-approval/:applicationId/risk","onboarding-approval","Backend_Fintech/src/app/modules/onboarding-approval/routes/approval.routes.ts",true,"PERMISSIONS.ONBOARDING_WORKFLOW_READ;PERMISSIONS.COMPLIANCE_QUEUE_READ;PERMISSIONS.COMPLIANCE_QUEUE_MANAGE;PERMISSIONS.ONBOARDING_WORKFLOW_WRITE;PERMISSIONS.ONBOARDING_WORKFLOW_APPROVE;PERMISSIONS.ONBOARDING_WORKFLOW_REJECT;PERMISSIONS.ONBOARDING_WORKFLOW_SEND_BACK;PERMISSIONS.ONBOARDING_WORKFLOW_REASSIGN;PERMISSIONS.ONBOARDING_WORKFLOW_SKIP;PERMISSIONS.GO_LIVE_EXECUTE;PERMISSIONS.MERCHANT_ONBOARDING_SUSPEND;PERMISSIONS.RISK_REVIEW_READ;PERMISSIONS.RISK_REVIEW_WRITE;PERMISSIONS.KYC_REVIEW_READ;PERMISSIONS.KYC_REVIEW_WRITE","","","NOT VERIFIED"
"PUT","/api/v1/onboarding-approval/:applicationId/risk","onboarding-approval","Backend_Fintech/src/app/modules/onboarding-approval/routes/approval.routes.ts",true,"PERMISSIONS.ONBOARDING_WORKFLOW_READ;PERMISSIONS.COMPLIANCE_QUEUE_READ;PERMISSIONS.COMPLIANCE_QUEUE_MANAGE;PERMISSIONS.ONBOARDING_WORKFLOW_WRITE;PERMISSIONS.ONBOARDING_WORKFLOW_APPROVE;PERMISSIONS.ONBOARDING_WORKFLOW_REJECT;PERMISSIONS.ONBOARDING_WORKFLOW_SEND_BACK;PERMISSIONS.ONBOARDING_WORKFLOW_REASSIGN;PERMISSIONS.ONBOARDING_WORKFLOW_SKIP;PERMISSIONS.GO_LIVE_EXECUTE;PERMISSIONS.MERCHANT_ONBOARDING_SUSPEND;PERMISSIONS.RISK_REVIEW_READ;PERMISSIONS.RISK_REVIEW_WRITE;PERMISSIONS.KYC_REVIEW_READ;PERMISSIONS.KYC_REVIEW_WRITE","","","NOT VERIFIED"
"GET","/api/v1/onboarding-approval/:applicationId/kyc","onboarding-approval","Backend_Fintech/src/app/modules/onboarding-approval/routes/approval.routes.ts",true,"PERMISSIONS.ONBOARDING_WORKFLOW_READ;PERMISSIONS.COMPLIANCE_QUEUE_READ;PERMISSIONS.COMPLIANCE_QUEUE_MANAGE;PERMISSIONS.ONBOARDING_WORKFLOW_WRITE;PERMISSIONS.ONBOARDING_WORKFLOW_APPROVE;PERMISSIONS.ONBOARDING_WORKFLOW_REJECT;PERMISSIONS.ONBOARDING_WORKFLOW_SEND_BACK;PERMISSIONS.ONBOARDING_WORKFLOW_REASSIGN;PERMISSIONS.ONBOARDING_WORKFLOW_SKIP;PERMISSIONS.GO_LIVE_EXECUTE;PERMISSIONS.MERCHANT_ONBOARDING_SUSPEND;PERMISSIONS.RISK_REVIEW_READ;PERMISSIONS.RISK_REVIEW_WRITE;PERMISSIONS.KYC_REVIEW_READ;PERMISSIONS.KYC_REVIEW_WRITE","","","NOT VERIFIED"
"POST","/api/v1/onboarding-approval/:applicationId/kyc/:documentId/decision","onboarding-approval","Backend_Fintech/src/app/modules/onboarding-approval/routes/approval.routes.ts",true,"PERMISSIONS.ONBOARDING_WORKFLOW_READ;PERMISSIONS.COMPLIANCE_QUEUE_READ;PERMISSIONS.COMPLIANCE_QUEUE_MANAGE;PERMISSIONS.ONBOARDING_WORKFLOW_WRITE;PERMISSIONS.ONBOARDING_WORKFLOW_APPROVE;PERMISSIONS.ONBOARDING_WORKFLOW_REJECT;PERMISSIONS.ONBOARDING_WORKFLOW_SEND_BACK;PERMISSIONS.ONBOARDING_WORKFLOW_REASSIGN;PERMISSIONS.ONBOARDING_WORKFLOW_SKIP;PERMISSIONS.GO_LIVE_EXECUTE;PERMISSIONS.MERCHANT_ONBOARDING_SUSPEND;PERMISSIONS.RISK_REVIEW_READ;PERMISSIONS.RISK_REVIEW_WRITE;PERMISSIONS.KYC_REVIEW_READ;PERMISSIONS.KYC_REVIEW_WRITE","","","NOT VERIFIED"
"GET","/api/v1/operations/dashboard","operations","Backend_Fintech/src/app/modules/operations/routes/operations.routes.ts",true,"PERMISSIONS.OPERATIONS_READ;PERMISSIONS.OPERATIONS_MANAGE;PERMISSIONS.OPERATIONS_WRITE","","","NOT VERIFIED"
"GET","/api/v1/operations/queues","operations","Backend_Fintech/src/app/modules/operations/routes/operations.routes.ts",true,"PERMISSIONS.OPERATIONS_READ;PERMISSIONS.OPERATIONS_MANAGE;PERMISSIONS.OPERATIONS_WRITE","","","NOT VERIFIED"
"GET","/api/v1/operations/dead-letter-queue","operations","Backend_Fintech/src/app/modules/operations/routes/operations.routes.ts",true,"PERMISSIONS.OPERATIONS_READ;PERMISSIONS.OPERATIONS_MANAGE;PERMISSIONS.OPERATIONS_WRITE","","","NOT VERIFIED"
"GET","/api/v1/operations/maintenance","operations","Backend_Fintech/src/app/modules/operations/routes/operations.routes.ts",true,"PERMISSIONS.OPERATIONS_READ;PERMISSIONS.OPERATIONS_MANAGE;PERMISSIONS.OPERATIONS_WRITE","","","NOT VERIFIED"
"PUT","/api/v1/operations/maintenance","operations","Backend_Fintech/src/app/modules/operations/routes/operations.routes.ts",true,"PERMISSIONS.OPERATIONS_READ;PERMISSIONS.OPERATIONS_MANAGE;PERMISSIONS.OPERATIONS_WRITE","","","NOT VERIFIED"
"GET","/api/v1/operations/deployments","operations","Backend_Fintech/src/app/modules/operations/routes/operations.routes.ts",true,"PERMISSIONS.OPERATIONS_READ;PERMISSIONS.OPERATIONS_MANAGE;PERMISSIONS.OPERATIONS_WRITE","","","NOT VERIFIED"
"GET","/api/v1/operations/pending-tasks","operations","Backend_Fintech/src/app/modules/operations/routes/operations.routes.ts",true,"PERMISSIONS.OPERATIONS_READ;PERMISSIONS.OPERATIONS_MANAGE;PERMISSIONS.OPERATIONS_WRITE","","","NOT VERIFIED"
"GET","/api/v1/operations/health","operations","Backend_Fintech/src/app/modules/operations/routes/operations.routes.ts",true,"PERMISSIONS.OPERATIONS_READ;PERMISSIONS.OPERATIONS_MANAGE;PERMISSIONS.OPERATIONS_WRITE","","","NOT VERIFIED"
"GET","/api/v1/operations/alerts","operations","Backend_Fintech/src/app/modules/operations/routes/operations.routes.ts",true,"PERMISSIONS.OPERATIONS_READ;PERMISSIONS.OPERATIONS_MANAGE;PERMISSIONS.OPERATIONS_WRITE","","","NOT VERIFIED"
"GET","/api/v1/operations/incidents","operations","Backend_Fintech/src/app/modules/operations/routes/operations.routes.ts",true,"PERMISSIONS.OPERATIONS_READ;PERMISSIONS.OPERATIONS_MANAGE;PERMISSIONS.OPERATIONS_WRITE","","","NOT VERIFIED"
"GET","/api/v1/operations/retry-queue","operations","Backend_Fintech/src/app/modules/operations/routes/operations.routes.ts",true,"PERMISSIONS.OPERATIONS_READ;PERMISSIONS.OPERATIONS_MANAGE;PERMISSIONS.OPERATIONS_WRITE","","","NOT VERIFIED"
"GET","/api/v1/operations/jobs","operations","Backend_Fintech/src/app/modules/operations/routes/operations.routes.ts",true,"PERMISSIONS.OPERATIONS_READ;PERMISSIONS.OPERATIONS_MANAGE;PERMISSIONS.OPERATIONS_WRITE","","","NOT VERIFIED"
"GET","/api/v1/operations/failed-payments","operations","Backend_Fintech/src/app/modules/operations/routes/operations.routes.ts",true,"PERMISSIONS.OPERATIONS_READ;PERMISSIONS.OPERATIONS_MANAGE;PERMISSIONS.OPERATIONS_WRITE","","","NOT VERIFIED"
"GET","/api/v1/operations/failed-payouts","operations","Backend_Fintech/src/app/modules/operations/routes/operations.routes.ts",true,"PERMISSIONS.OPERATIONS_READ;PERMISSIONS.OPERATIONS_MANAGE;PERMISSIONS.OPERATIONS_WRITE","","","NOT VERIFIED"
"GET","/api/v1/operations/failed-webhooks","operations","Backend_Fintech/src/app/modules/operations/routes/operations.routes.ts",true,"PERMISSIONS.OPERATIONS_READ;PERMISSIONS.OPERATIONS_MANAGE;PERMISSIONS.OPERATIONS_WRITE","","","NOT VERIFIED"
"POST","/api/v1/operations/alerts/:id/acknowledge","operations","Backend_Fintech/src/app/modules/operations/routes/operations.routes.ts",true,"PERMISSIONS.OPERATIONS_READ;PERMISSIONS.OPERATIONS_MANAGE;PERMISSIONS.OPERATIONS_WRITE","","","NOT VERIFIED"
"POST","/api/v1/operations/alerts/:id/resolve","operations","Backend_Fintech/src/app/modules/operations/routes/operations.routes.ts",true,"PERMISSIONS.OPERATIONS_READ;PERMISSIONS.OPERATIONS_MANAGE;PERMISSIONS.OPERATIONS_WRITE","","","NOT VERIFIED"
"POST","/api/v1/operations/retry-queue/:id/retry","operations","Backend_Fintech/src/app/modules/operations/routes/operations.routes.ts",true,"PERMISSIONS.OPERATIONS_READ;PERMISSIONS.OPERATIONS_MANAGE;PERMISSIONS.OPERATIONS_WRITE","","","NOT VERIFIED"
"POST","/api/v1/operations/jobs/:id/retry","operations","Backend_Fintech/src/app/modules/operations/routes/operations.routes.ts",true,"PERMISSIONS.OPERATIONS_READ;PERMISSIONS.OPERATIONS_MANAGE;PERMISSIONS.OPERATIONS_WRITE","","","NOT VERIFIED"
"GET","/api/v1/organizations/mine","organizations","Backend_Fintech/src/app/modules/organizations/routes/organization.routes.ts",true,"PERMISSIONS.ORGANIZATIONS_READ;PERMISSIONS.ORGANIZATIONS_WRITE;PERMISSIONS.ORGANIZATIONS_DELETE;PERMISSIONS.ORGANIZATIONS_MANAGE","Backend_Fintech/src/__tests__/integration/developer-sandbox.integration.test.ts;Backend_Fintech/src/__tests__/integration/users.integration.test.ts","","partial-verified"
"GET","/api/v1/organizations/roles","organizations","Backend_Fintech/src/app/modules/organizations/routes/organization.routes.ts",true,"PERMISSIONS.ORGANIZATIONS_READ;PERMISSIONS.ORGANIZATIONS_WRITE;PERMISSIONS.ORGANIZATIONS_DELETE;PERMISSIONS.ORGANIZATIONS_MANAGE","Backend_Fintech/src/__tests__/integration/developer-sandbox.integration.test.ts;Backend_Fintech/src/__tests__/integration/users.integration.test.ts","","partial-verified"
"GET","/api/v1/organizations/","organizations","Backend_Fintech/src/app/modules/organizations/routes/organization.routes.ts",true,"PERMISSIONS.ORGANIZATIONS_READ;PERMISSIONS.ORGANIZATIONS_WRITE;PERMISSIONS.ORGANIZATIONS_DELETE;PERMISSIONS.ORGANIZATIONS_MANAGE","Backend_Fintech/src/__tests__/integration/developer-sandbox.integration.test.ts;Backend_Fintech/src/__tests__/integration/users.integration.test.ts","","partial-verified"
"POST","/api/v1/organizations/","organizations","Backend_Fintech/src/app/modules/organizations/routes/organization.routes.ts",true,"PERMISSIONS.ORGANIZATIONS_READ;PERMISSIONS.ORGANIZATIONS_WRITE;PERMISSIONS.ORGANIZATIONS_DELETE;PERMISSIONS.ORGANIZATIONS_MANAGE","Backend_Fintech/src/__tests__/integration/developer-sandbox.integration.test.ts;Backend_Fintech/src/__tests__/integration/users.integration.test.ts","","partial-verified"
"GET","/api/v1/organizations/:id","organizations","Backend_Fintech/src/app/modules/organizations/routes/organization.routes.ts",true,"PERMISSIONS.ORGANIZATIONS_READ;PERMISSIONS.ORGANIZATIONS_WRITE;PERMISSIONS.ORGANIZATIONS_DELETE;PERMISSIONS.ORGANIZATIONS_MANAGE","Backend_Fintech/src/__tests__/integration/developer-sandbox.integration.test.ts;Backend_Fintech/src/__tests__/integration/users.integration.test.ts","","partial-verified"
"PUT","/api/v1/organizations/:id","organizations","Backend_Fintech/src/app/modules/organizations/routes/organization.routes.ts",true,"PERMISSIONS.ORGANIZATIONS_READ;PERMISSIONS.ORGANIZATIONS_WRITE;PERMISSIONS.ORGANIZATIONS_DELETE;PERMISSIONS.ORGANIZATIONS_MANAGE","Backend_Fintech/src/__tests__/integration/developer-sandbox.integration.test.ts;Backend_Fintech/src/__tests__/integration/users.integration.test.ts","","partial-verified"
"PATCH","/api/v1/organizations/:id/status","organizations","Backend_Fintech/src/app/modules/organizations/routes/organization.routes.ts",true,"PERMISSIONS.ORGANIZATIONS_READ;PERMISSIONS.ORGANIZATIONS_WRITE;PERMISSIONS.ORGANIZATIONS_DELETE;PERMISSIONS.ORGANIZATIONS_MANAGE","Backend_Fintech/src/__tests__/integration/developer-sandbox.integration.test.ts;Backend_Fintech/src/__tests__/integration/users.integration.test.ts","","partial-verified"
"POST","/api/v1/organizations/:id/archive","organizations","Backend_Fintech/src/app/modules/organizations/routes/organization.routes.ts",true,"PERMISSIONS.ORGANIZATIONS_READ;PERMISSIONS.ORGANIZATIONS_WRITE;PERMISSIONS.ORGANIZATIONS_DELETE;PERMISSIONS.ORGANIZATIONS_MANAGE","Backend_Fintech/src/__tests__/integration/developer-sandbox.integration.test.ts;Backend_Fintech/src/__tests__/integration/users.integration.test.ts","","partial-verified"
"POST","/api/v1/organizations/:id/restore","organizations","Backend_Fintech/src/app/modules/organizations/routes/organization.routes.ts",true,"PERMISSIONS.ORGANIZATIONS_READ;PERMISSIONS.ORGANIZATIONS_WRITE;PERMISSIONS.ORGANIZATIONS_DELETE;PERMISSIONS.ORGANIZATIONS_MANAGE","Backend_Fintech/src/__tests__/integration/developer-sandbox.integration.test.ts;Backend_Fintech/src/__tests__/integration/users.integration.test.ts","","partial-verified"
"GET","/api/v1/organizations/:id/members","organizations","Backend_Fintech/src/app/modules/organizations/routes/organization.routes.ts",true,"PERMISSIONS.ORGANIZATIONS_READ;PERMISSIONS.ORGANIZATIONS_WRITE;PERMISSIONS.ORGANIZATIONS_DELETE;PERMISSIONS.ORGANIZATIONS_MANAGE","Backend_Fintech/src/__tests__/integration/developer-sandbox.integration.test.ts;Backend_Fintech/src/__tests__/integration/users.integration.test.ts","","partial-verified"
"POST","/api/v1/organizations/:id/members","organizations","Backend_Fintech/src/app/modules/organizations/routes/organization.routes.ts",true,"PERMISSIONS.ORGANIZATIONS_READ;PERMISSIONS.ORGANIZATIONS_WRITE;PERMISSIONS.ORGANIZATIONS_DELETE;PERMISSIONS.ORGANIZATIONS_MANAGE","Backend_Fintech/src/__tests__/integration/developer-sandbox.integration.test.ts;Backend_Fintech/src/__tests__/integration/users.integration.test.ts","","partial-verified"
"PUT","/api/v1/organizations/:id/members/:memberId","organizations","Backend_Fintech/src/app/modules/organizations/routes/organization.routes.ts",true,"PERMISSIONS.ORGANIZATIONS_READ;PERMISSIONS.ORGANIZATIONS_WRITE;PERMISSIONS.ORGANIZATIONS_DELETE;PERMISSIONS.ORGANIZATIONS_MANAGE","Backend_Fintech/src/__tests__/integration/developer-sandbox.integration.test.ts;Backend_Fintech/src/__tests__/integration/users.integration.test.ts","","partial-verified"
"DELETE","/api/v1/organizations/:id/members/:memberId","organizations","Backend_Fintech/src/app/modules/organizations/routes/organization.routes.ts",true,"PERMISSIONS.ORGANIZATIONS_READ;PERMISSIONS.ORGANIZATIONS_WRITE;PERMISSIONS.ORGANIZATIONS_DELETE;PERMISSIONS.ORGANIZATIONS_MANAGE","Backend_Fintech/src/__tests__/integration/developer-sandbox.integration.test.ts;Backend_Fintech/src/__tests__/integration/users.integration.test.ts","","partial-verified"
"GET","/api/v1/organizations/:id/domains","organizations","Backend_Fintech/src/app/modules/organizations/routes/organization.routes.ts",true,"PERMISSIONS.ORGANIZATIONS_READ;PERMISSIONS.ORGANIZATIONS_WRITE;PERMISSIONS.ORGANIZATIONS_DELETE;PERMISSIONS.ORGANIZATIONS_MANAGE","Backend_Fintech/src/__tests__/integration/developer-sandbox.integration.test.ts;Backend_Fintech/src/__tests__/integration/users.integration.test.ts","","partial-verified"
"POST","/api/v1/organizations/:id/domains","organizations","Backend_Fintech/src/app/modules/organizations/routes/organization.routes.ts",true,"PERMISSIONS.ORGANIZATIONS_READ;PERMISSIONS.ORGANIZATIONS_WRITE;PERMISSIONS.ORGANIZATIONS_DELETE;PERMISSIONS.ORGANIZATIONS_MANAGE","Backend_Fintech/src/__tests__/integration/developer-sandbox.integration.test.ts;Backend_Fintech/src/__tests__/integration/users.integration.test.ts","","partial-verified"
"PUT","/api/v1/organizations/:id/domains/:domainId","organizations","Backend_Fintech/src/app/modules/organizations/routes/organization.routes.ts",true,"PERMISSIONS.ORGANIZATIONS_READ;PERMISSIONS.ORGANIZATIONS_WRITE;PERMISSIONS.ORGANIZATIONS_DELETE;PERMISSIONS.ORGANIZATIONS_MANAGE","Backend_Fintech/src/__tests__/integration/developer-sandbox.integration.test.ts;Backend_Fintech/src/__tests__/integration/users.integration.test.ts","","partial-verified"
"DELETE","/api/v1/organizations/:id/domains/:domainId","organizations","Backend_Fintech/src/app/modules/organizations/routes/organization.routes.ts",true,"PERMISSIONS.ORGANIZATIONS_READ;PERMISSIONS.ORGANIZATIONS_WRITE;PERMISSIONS.ORGANIZATIONS_DELETE;PERMISSIONS.ORGANIZATIONS_MANAGE","Backend_Fintech/src/__tests__/integration/developer-sandbox.integration.test.ts;Backend_Fintech/src/__tests__/integration/users.integration.test.ts","","partial-verified"
"GET","/api/v1/organizations/:id/branding","organizations","Backend_Fintech/src/app/modules/organizations/routes/organization.routes.ts",true,"PERMISSIONS.ORGANIZATIONS_READ;PERMISSIONS.ORGANIZATIONS_WRITE;PERMISSIONS.ORGANIZATIONS_DELETE;PERMISSIONS.ORGANIZATIONS_MANAGE","Backend_Fintech/src/__tests__/integration/developer-sandbox.integration.test.ts;Backend_Fintech/src/__tests__/integration/users.integration.test.ts","","partial-verified"
"PUT","/api/v1/organizations/:id/branding","organizations","Backend_Fintech/src/app/modules/organizations/routes/organization.routes.ts",true,"PERMISSIONS.ORGANIZATIONS_READ;PERMISSIONS.ORGANIZATIONS_WRITE;PERMISSIONS.ORGANIZATIONS_DELETE;PERMISSIONS.ORGANIZATIONS_MANAGE","Backend_Fintech/src/__tests__/integration/developer-sandbox.integration.test.ts;Backend_Fintech/src/__tests__/integration/users.integration.test.ts","","partial-verified"
"GET","/api/v1/organizations/:id/preferences","organizations","Backend_Fintech/src/app/modules/organizations/routes/organization.routes.ts",true,"PERMISSIONS.ORGANIZATIONS_READ;PERMISSIONS.ORGANIZATIONS_WRITE;PERMISSIONS.ORGANIZATIONS_DELETE;PERMISSIONS.ORGANIZATIONS_MANAGE","Backend_Fintech/src/__tests__/integration/developer-sandbox.integration.test.ts;Backend_Fintech/src/__tests__/integration/users.integration.test.ts","","partial-verified"
"PUT","/api/v1/organizations/:id/preferences","organizations","Backend_Fintech/src/app/modules/organizations/routes/organization.routes.ts",true,"PERMISSIONS.ORGANIZATIONS_READ;PERMISSIONS.ORGANIZATIONS_WRITE;PERMISSIONS.ORGANIZATIONS_DELETE;PERMISSIONS.ORGANIZATIONS_MANAGE","Backend_Fintech/src/__tests__/integration/developer-sandbox.integration.test.ts;Backend_Fintech/src/__tests__/integration/users.integration.test.ts","","partial-verified"
"GET","/api/v1/organizations/:id/api-keys","organizations","Backend_Fintech/src/app/modules/organizations/routes/organization.routes.ts",true,"PERMISSIONS.ORGANIZATIONS_READ;PERMISSIONS.ORGANIZATIONS_WRITE;PERMISSIONS.ORGANIZATIONS_DELETE;PERMISSIONS.ORGANIZATIONS_MANAGE","Backend_Fintech/src/__tests__/integration/developer-sandbox.integration.test.ts;Backend_Fintech/src/__tests__/integration/users.integration.test.ts","","partial-verified"
"POST","/api/v1/organizations/:id/api-keys","organizations","Backend_Fintech/src/app/modules/organizations/routes/organization.routes.ts",true,"PERMISSIONS.ORGANIZATIONS_READ;PERMISSIONS.ORGANIZATIONS_WRITE;PERMISSIONS.ORGANIZATIONS_DELETE;PERMISSIONS.ORGANIZATIONS_MANAGE","Backend_Fintech/src/__tests__/integration/developer-sandbox.integration.test.ts;Backend_Fintech/src/__tests__/integration/users.integration.test.ts","","partial-verified"
"DELETE","/api/v1/organizations/:id/api-keys/:keyId","organizations","Backend_Fintech/src/app/modules/organizations/routes/organization.routes.ts",true,"PERMISSIONS.ORGANIZATIONS_READ;PERMISSIONS.ORGANIZATIONS_WRITE;PERMISSIONS.ORGANIZATIONS_DELETE;PERMISSIONS.ORGANIZATIONS_MANAGE","Backend_Fintech/src/__tests__/integration/developer-sandbox.integration.test.ts;Backend_Fintech/src/__tests__/integration/users.integration.test.ts","","partial-verified"
"GET","/api/v1/organizations/:id/billing","organizations","Backend_Fintech/src/app/modules/organizations/routes/organization.routes.ts",true,"PERMISSIONS.ORGANIZATIONS_READ;PERMISSIONS.ORGANIZATIONS_WRITE;PERMISSIONS.ORGANIZATIONS_DELETE;PERMISSIONS.ORGANIZATIONS_MANAGE","Backend_Fintech/src/__tests__/integration/developer-sandbox.integration.test.ts;Backend_Fintech/src/__tests__/integration/users.integration.test.ts","","partial-verified"
"PUT","/api/v1/organizations/:id/billing","organizations","Backend_Fintech/src/app/modules/organizations/routes/organization.routes.ts",true,"PERMISSIONS.ORGANIZATIONS_READ;PERMISSIONS.ORGANIZATIONS_WRITE;PERMISSIONS.ORGANIZATIONS_DELETE;PERMISSIONS.ORGANIZATIONS_MANAGE","Backend_Fintech/src/__tests__/integration/developer-sandbox.integration.test.ts;Backend_Fintech/src/__tests__/integration/users.integration.test.ts","","partial-verified"
"GET","/api/v1/outlets/","outlets","Backend_Fintech/src/app/modules/outlets/routes/outlet.routes.ts",true,"PERMISSIONS.OUTLETS_READ;PERMISSIONS.OUTLETS_WRITE;PERMISSIONS.OUTLETS_MANAGE","","","NOT VERIFIED"
"POST","/api/v1/outlets/","outlets","Backend_Fintech/src/app/modules/outlets/routes/outlet.routes.ts",true,"PERMISSIONS.OUTLETS_READ;PERMISSIONS.OUTLETS_WRITE;PERMISSIONS.OUTLETS_MANAGE","","","NOT VERIFIED"
"GET","/api/v1/outlets/:id","outlets","Backend_Fintech/src/app/modules/outlets/routes/outlet.routes.ts",true,"PERMISSIONS.OUTLETS_READ;PERMISSIONS.OUTLETS_WRITE;PERMISSIONS.OUTLETS_MANAGE","","","NOT VERIFIED"
"PUT","/api/v1/outlets/:id","outlets","Backend_Fintech/src/app/modules/outlets/routes/outlet.routes.ts",true,"PERMISSIONS.OUTLETS_READ;PERMISSIONS.OUTLETS_WRITE;PERMISSIONS.OUTLETS_MANAGE","","","NOT VERIFIED"
"POST","/api/v1/outlets/:id/activate","outlets","Backend_Fintech/src/app/modules/outlets/routes/outlet.routes.ts",true,"PERMISSIONS.OUTLETS_READ;PERMISSIONS.OUTLETS_WRITE;PERMISSIONS.OUTLETS_MANAGE","","","NOT VERIFIED"
"POST","/api/v1/outlets/:id/deactivate","outlets","Backend_Fintech/src/app/modules/outlets/routes/outlet.routes.ts",true,"PERMISSIONS.OUTLETS_READ;PERMISSIONS.OUTLETS_WRITE;PERMISSIONS.OUTLETS_MANAGE","","","NOT VERIFIED"
"GET","/api/v1/payment-config/limits","payment-config","Backend_Fintech/src/app/modules/payment-config/routes/payment-config.routes.ts",true,"PERMISSIONS.PAYMENT_CONFIG_READ;PERMISSIONS.PAYMENT_CONFIG_WRITE","","","NOT VERIFIED"
"POST","/api/v1/payment-config/limits","payment-config","Backend_Fintech/src/app/modules/payment-config/routes/payment-config.routes.ts",true,"PERMISSIONS.PAYMENT_CONFIG_READ;PERMISSIONS.PAYMENT_CONFIG_WRITE","","","NOT VERIFIED"
"GET","/api/v1/payment-config/merchants/:merchantId","payment-config","Backend_Fintech/src/app/modules/payment-config/routes/payment-config.routes.ts",true,"PERMISSIONS.PAYMENT_CONFIG_READ;PERMISSIONS.PAYMENT_CONFIG_WRITE","","","NOT VERIFIED"
"PUT","/api/v1/payment-config/merchants/:merchantId","payment-config","Backend_Fintech/src/app/modules/payment-config/routes/payment-config.routes.ts",true,"PERMISSIONS.PAYMENT_CONFIG_READ;PERMISSIONS.PAYMENT_CONFIG_WRITE","","","NOT VERIFIED"
"GET","/api/v1/payment-links/statistics","payment-links","Backend_Fintech/src/app/modules/payment-links/routes/payment-link.routes.ts",true,"PERMISSIONS.PAYMENT_LINKS_READ;PERMISSIONS.PAYMENT_LINKS_WRITE;PERMISSIONS.PAYMENT_LINKS_MANAGE","Backend_Fintech/src/__tests__/integration/qr-payment-links.integration.test.ts","e2e/tests/payment-links.spec.ts","partial-verified"
"GET","/api/v1/payment-links/","payment-links","Backend_Fintech/src/app/modules/payment-links/routes/payment-link.routes.ts",true,"PERMISSIONS.PAYMENT_LINKS_READ;PERMISSIONS.PAYMENT_LINKS_WRITE;PERMISSIONS.PAYMENT_LINKS_MANAGE","Backend_Fintech/src/__tests__/integration/qr-payment-links.integration.test.ts","e2e/tests/payment-links.spec.ts","partial-verified"
"POST","/api/v1/payment-links/","payment-links","Backend_Fintech/src/app/modules/payment-links/routes/payment-link.routes.ts",true,"PERMISSIONS.PAYMENT_LINKS_READ;PERMISSIONS.PAYMENT_LINKS_WRITE;PERMISSIONS.PAYMENT_LINKS_MANAGE","Backend_Fintech/src/__tests__/integration/qr-payment-links.integration.test.ts","e2e/tests/payment-links.spec.ts","partial-verified"
"GET","/api/v1/payment-links/:id/analytics","payment-links","Backend_Fintech/src/app/modules/payment-links/routes/payment-link.routes.ts",true,"PERMISSIONS.PAYMENT_LINKS_READ;PERMISSIONS.PAYMENT_LINKS_WRITE;PERMISSIONS.PAYMENT_LINKS_MANAGE","Backend_Fintech/src/__tests__/integration/qr-payment-links.integration.test.ts","e2e/tests/payment-links.spec.ts","partial-verified"
"GET","/api/v1/payment-links/:id/visits","payment-links","Backend_Fintech/src/app/modules/payment-links/routes/payment-link.routes.ts",true,"PERMISSIONS.PAYMENT_LINKS_READ;PERMISSIONS.PAYMENT_LINKS_WRITE;PERMISSIONS.PAYMENT_LINKS_MANAGE","Backend_Fintech/src/__tests__/integration/qr-payment-links.integration.test.ts","e2e/tests/payment-links.spec.ts","partial-verified"
"POST","/api/v1/payment-links/:id/clone","payment-links","Backend_Fintech/src/app/modules/payment-links/routes/payment-link.routes.ts",true,"PERMISSIONS.PAYMENT_LINKS_READ;PERMISSIONS.PAYMENT_LINKS_WRITE;PERMISSIONS.PAYMENT_LINKS_MANAGE","Backend_Fintech/src/__tests__/integration/qr-payment-links.integration.test.ts","e2e/tests/payment-links.spec.ts","partial-verified"
"GET","/api/v1/payment-links/:id/qr","payment-links","Backend_Fintech/src/app/modules/payment-links/routes/payment-link.routes.ts",true,"PERMISSIONS.PAYMENT_LINKS_READ;PERMISSIONS.PAYMENT_LINKS_WRITE;PERMISSIONS.PAYMENT_LINKS_MANAGE","Backend_Fintech/src/__tests__/integration/qr-payment-links.integration.test.ts","e2e/tests/payment-links.spec.ts","partial-verified"
"POST","/api/v1/payment-links/:id/enable","payment-links","Backend_Fintech/src/app/modules/payment-links/routes/payment-link.routes.ts",true,"PERMISSIONS.PAYMENT_LINKS_READ;PERMISSIONS.PAYMENT_LINKS_WRITE;PERMISSIONS.PAYMENT_LINKS_MANAGE","Backend_Fintech/src/__tests__/integration/qr-payment-links.integration.test.ts","e2e/tests/payment-links.spec.ts","partial-verified"
"POST","/api/v1/payment-links/:id/disable","payment-links","Backend_Fintech/src/app/modules/payment-links/routes/payment-link.routes.ts",true,"PERMISSIONS.PAYMENT_LINKS_READ;PERMISSIONS.PAYMENT_LINKS_WRITE;PERMISSIONS.PAYMENT_LINKS_MANAGE","Backend_Fintech/src/__tests__/integration/qr-payment-links.integration.test.ts","e2e/tests/payment-links.spec.ts","partial-verified"
"POST","/api/v1/payment-links/:id/expire","payment-links","Backend_Fintech/src/app/modules/payment-links/routes/payment-link.routes.ts",true,"PERMISSIONS.PAYMENT_LINKS_READ;PERMISSIONS.PAYMENT_LINKS_WRITE;PERMISSIONS.PAYMENT_LINKS_MANAGE","Backend_Fintech/src/__tests__/integration/qr-payment-links.integration.test.ts","e2e/tests/payment-links.spec.ts","partial-verified"
"POST","/api/v1/payment-links/:id/regenerate-token","payment-links","Backend_Fintech/src/app/modules/payment-links/routes/payment-link.routes.ts",true,"PERMISSIONS.PAYMENT_LINKS_READ;PERMISSIONS.PAYMENT_LINKS_WRITE;PERMISSIONS.PAYMENT_LINKS_MANAGE","Backend_Fintech/src/__tests__/integration/qr-payment-links.integration.test.ts","e2e/tests/payment-links.spec.ts","partial-verified"
"GET","/api/v1/payment-links/:id","payment-links","Backend_Fintech/src/app/modules/payment-links/routes/payment-link.routes.ts",true,"PERMISSIONS.PAYMENT_LINKS_READ;PERMISSIONS.PAYMENT_LINKS_WRITE;PERMISSIONS.PAYMENT_LINKS_MANAGE","Backend_Fintech/src/__tests__/integration/qr-payment-links.integration.test.ts","e2e/tests/payment-links.spec.ts","partial-verified"
"PUT","/api/v1/payment-links/:id","payment-links","Backend_Fintech/src/app/modules/payment-links/routes/payment-link.routes.ts",true,"PERMISSIONS.PAYMENT_LINKS_READ;PERMISSIONS.PAYMENT_LINKS_WRITE;PERMISSIONS.PAYMENT_LINKS_MANAGE","Backend_Fintech/src/__tests__/integration/qr-payment-links.integration.test.ts","e2e/tests/payment-links.spec.ts","partial-verified"
"GET","/api/v1/payment-links/:token","payment-links","Backend_Fintech/src/app/modules/payment-links/routes/public-payment-link.routes.ts",false,"","Backend_Fintech/src/__tests__/integration/qr-payment-links.integration.test.ts","e2e/tests/payment-links.spec.ts","partial-verified"
"POST","/api/v1/payment-links/:token/pay","payment-links","Backend_Fintech/src/app/modules/payment-links/routes/public-payment-link.routes.ts",false,"","Backend_Fintech/src/__tests__/integration/qr-payment-links.integration.test.ts","e2e/tests/payment-links.spec.ts","partial-verified"
"GET","/api/v1/payments/webhooks/deliveries","payments","Backend_Fintech/src/app/modules/payments/routes/payment.routes.ts",true,"PERMISSIONS.PAYMENTS_READ;PERMISSIONS.PAYMENTS_WRITE;PERMISSIONS.PAYMENTS_CAPTURE;PERMISSIONS.PAYMENTS_MANAGE;PERMISSIONS.PAYMENTS_REFUND","Backend_Fintech/src/__tests__/integration/chargebacks-refunds.integration.test.ts;Backend_Fintech/src/__tests__/integration/concurrency.integration.test.ts;Backend_Fintech/src/__tests__/integration/negative.integration.test.ts;Backend_Fintech/src/__tests__/integration/payment-transactions.integration.test.ts;Backend_Fintech/src/__tests__/integration/payments.integration.test.ts;Backend_Fintech/src/__tests__/integration/qr-payment-links.integration.test.ts","e2e/tests/payments.spec.ts;e2e/tests/qr-payments.spec.ts;e2e/tests/rbac.spec.ts","partial-verified"
"GET","/api/v1/payments/orders","payments","Backend_Fintech/src/app/modules/payments/routes/payment.routes.ts",true,"PERMISSIONS.PAYMENTS_READ;PERMISSIONS.PAYMENTS_WRITE;PERMISSIONS.PAYMENTS_CAPTURE;PERMISSIONS.PAYMENTS_MANAGE;PERMISSIONS.PAYMENTS_REFUND","Backend_Fintech/src/__tests__/integration/chargebacks-refunds.integration.test.ts;Backend_Fintech/src/__tests__/integration/concurrency.integration.test.ts;Backend_Fintech/src/__tests__/integration/negative.integration.test.ts;Backend_Fintech/src/__tests__/integration/payment-transactions.integration.test.ts;Backend_Fintech/src/__tests__/integration/payments.integration.test.ts;Backend_Fintech/src/__tests__/integration/qr-payment-links.integration.test.ts","e2e/tests/payments.spec.ts;e2e/tests/qr-payments.spec.ts;e2e/tests/rbac.spec.ts","partial-verified"
"GET","/api/v1/payments/orders/:id","payments","Backend_Fintech/src/app/modules/payments/routes/payment.routes.ts",true,"PERMISSIONS.PAYMENTS_READ;PERMISSIONS.PAYMENTS_WRITE;PERMISSIONS.PAYMENTS_CAPTURE;PERMISSIONS.PAYMENTS_MANAGE;PERMISSIONS.PAYMENTS_REFUND","Backend_Fintech/src/__tests__/integration/chargebacks-refunds.integration.test.ts;Backend_Fintech/src/__tests__/integration/concurrency.integration.test.ts;Backend_Fintech/src/__tests__/integration/negative.integration.test.ts;Backend_Fintech/src/__tests__/integration/payment-transactions.integration.test.ts;Backend_Fintech/src/__tests__/integration/payments.integration.test.ts;Backend_Fintech/src/__tests__/integration/qr-payment-links.integration.test.ts","e2e/tests/payments.spec.ts;e2e/tests/qr-payments.spec.ts;e2e/tests/rbac.spec.ts","partial-verified"
"POST","/api/v1/payments/sessions","payments","Backend_Fintech/src/app/modules/payments/routes/payment.routes.ts",true,"PERMISSIONS.PAYMENTS_READ;PERMISSIONS.PAYMENTS_WRITE;PERMISSIONS.PAYMENTS_CAPTURE;PERMISSIONS.PAYMENTS_MANAGE;PERMISSIONS.PAYMENTS_REFUND","Backend_Fintech/src/__tests__/integration/chargebacks-refunds.integration.test.ts;Backend_Fintech/src/__tests__/integration/concurrency.integration.test.ts;Backend_Fintech/src/__tests__/integration/negative.integration.test.ts;Backend_Fintech/src/__tests__/integration/payment-transactions.integration.test.ts;Backend_Fintech/src/__tests__/integration/payments.integration.test.ts;Backend_Fintech/src/__tests__/integration/qr-payment-links.integration.test.ts","e2e/tests/payments.spec.ts;e2e/tests/qr-payments.spec.ts;e2e/tests/rbac.spec.ts","partial-verified"
"GET","/api/v1/payments/sessions/:id","payments","Backend_Fintech/src/app/modules/payments/routes/payment.routes.ts",true,"PERMISSIONS.PAYMENTS_READ;PERMISSIONS.PAYMENTS_WRITE;PERMISSIONS.PAYMENTS_CAPTURE;PERMISSIONS.PAYMENTS_MANAGE;PERMISSIONS.PAYMENTS_REFUND","Backend_Fintech/src/__tests__/integration/chargebacks-refunds.integration.test.ts;Backend_Fintech/src/__tests__/integration/concurrency.integration.test.ts;Backend_Fintech/src/__tests__/integration/negative.integration.test.ts;Backend_Fintech/src/__tests__/integration/payment-transactions.integration.test.ts;Backend_Fintech/src/__tests__/integration/payments.integration.test.ts;Backend_Fintech/src/__tests__/integration/qr-payment-links.integration.test.ts","e2e/tests/payments.spec.ts;e2e/tests/qr-payments.spec.ts;e2e/tests/rbac.spec.ts","partial-verified"
"GET","/api/v1/payments/merchant-config/:merchantId","payments","Backend_Fintech/src/app/modules/payments/routes/payment.routes.ts",true,"PERMISSIONS.PAYMENTS_READ;PERMISSIONS.PAYMENTS_WRITE;PERMISSIONS.PAYMENTS_CAPTURE;PERMISSIONS.PAYMENTS_MANAGE;PERMISSIONS.PAYMENTS_REFUND","Backend_Fintech/src/__tests__/integration/chargebacks-refunds.integration.test.ts;Backend_Fintech/src/__tests__/integration/concurrency.integration.test.ts;Backend_Fintech/src/__tests__/integration/negative.integration.test.ts;Backend_Fintech/src/__tests__/integration/payment-transactions.integration.test.ts;Backend_Fintech/src/__tests__/integration/payments.integration.test.ts;Backend_Fintech/src/__tests__/integration/qr-payment-links.integration.test.ts","e2e/tests/payments.spec.ts;e2e/tests/qr-payments.spec.ts;e2e/tests/rbac.spec.ts","partial-verified"
"GET","/api/v1/payments/customers/:customerId/profile","payments","Backend_Fintech/src/app/modules/payments/routes/payment.routes.ts",true,"PERMISSIONS.PAYMENTS_READ;PERMISSIONS.PAYMENTS_WRITE;PERMISSIONS.PAYMENTS_CAPTURE;PERMISSIONS.PAYMENTS_MANAGE;PERMISSIONS.PAYMENTS_REFUND","Backend_Fintech/src/__tests__/integration/chargebacks-refunds.integration.test.ts;Backend_Fintech/src/__tests__/integration/concurrency.integration.test.ts;Backend_Fintech/src/__tests__/integration/negative.integration.test.ts;Backend_Fintech/src/__tests__/integration/payment-transactions.integration.test.ts;Backend_Fintech/src/__tests__/integration/payments.integration.test.ts;Backend_Fintech/src/__tests__/integration/qr-payment-links.integration.test.ts","e2e/tests/payments.spec.ts;e2e/tests/qr-payments.spec.ts;e2e/tests/rbac.spec.ts","partial-verified"
"GET","/api/v1/payments/","payments","Backend_Fintech/src/app/modules/payments/routes/payment.routes.ts",true,"PERMISSIONS.PAYMENTS_READ;PERMISSIONS.PAYMENTS_WRITE;PERMISSIONS.PAYMENTS_CAPTURE;PERMISSIONS.PAYMENTS_MANAGE;PERMISSIONS.PAYMENTS_REFUND","Backend_Fintech/src/__tests__/integration/chargebacks-refunds.integration.test.ts;Backend_Fintech/src/__tests__/integration/concurrency.integration.test.ts;Backend_Fintech/src/__tests__/integration/negative.integration.test.ts;Backend_Fintech/src/__tests__/integration/payment-transactions.integration.test.ts;Backend_Fintech/src/__tests__/integration/payments.integration.test.ts;Backend_Fintech/src/__tests__/integration/qr-payment-links.integration.test.ts","e2e/tests/payments.spec.ts;e2e/tests/qr-payments.spec.ts;e2e/tests/rbac.spec.ts","partial-verified"
"POST","/api/v1/payments/","payments","Backend_Fintech/src/app/modules/payments/routes/payment.routes.ts",true,"PERMISSIONS.PAYMENTS_READ;PERMISSIONS.PAYMENTS_WRITE;PERMISSIONS.PAYMENTS_CAPTURE;PERMISSIONS.PAYMENTS_MANAGE;PERMISSIONS.PAYMENTS_REFUND","Backend_Fintech/src/__tests__/integration/chargebacks-refunds.integration.test.ts;Backend_Fintech/src/__tests__/integration/concurrency.integration.test.ts;Backend_Fintech/src/__tests__/integration/negative.integration.test.ts;Backend_Fintech/src/__tests__/integration/payment-transactions.integration.test.ts;Backend_Fintech/src/__tests__/integration/payments.integration.test.ts;Backend_Fintech/src/__tests__/integration/qr-payment-links.integration.test.ts","e2e/tests/payments.spec.ts;e2e/tests/qr-payments.spec.ts;e2e/tests/rbac.spec.ts","partial-verified"
"GET","/api/v1/payments/:id","payments","Backend_Fintech/src/app/modules/payments/routes/payment.routes.ts",true,"PERMISSIONS.PAYMENTS_READ;PERMISSIONS.PAYMENTS_WRITE;PERMISSIONS.PAYMENTS_CAPTURE;PERMISSIONS.PAYMENTS_MANAGE;PERMISSIONS.PAYMENTS_REFUND","Backend_Fintech/src/__tests__/integration/chargebacks-refunds.integration.test.ts;Backend_Fintech/src/__tests__/integration/concurrency.integration.test.ts;Backend_Fintech/src/__tests__/integration/negative.integration.test.ts;Backend_Fintech/src/__tests__/integration/payment-transactions.integration.test.ts;Backend_Fintech/src/__tests__/integration/payments.integration.test.ts;Backend_Fintech/src/__tests__/integration/qr-payment-links.integration.test.ts","e2e/tests/payments.spec.ts;e2e/tests/qr-payments.spec.ts;e2e/tests/rbac.spec.ts","partial-verified"
"GET","/api/v1/payments/:id/timeline","payments","Backend_Fintech/src/app/modules/payments/routes/payment.routes.ts",true,"PERMISSIONS.PAYMENTS_READ;PERMISSIONS.PAYMENTS_WRITE;PERMISSIONS.PAYMENTS_CAPTURE;PERMISSIONS.PAYMENTS_MANAGE;PERMISSIONS.PAYMENTS_REFUND","Backend_Fintech/src/__tests__/integration/chargebacks-refunds.integration.test.ts;Backend_Fintech/src/__tests__/integration/concurrency.integration.test.ts;Backend_Fintech/src/__tests__/integration/negative.integration.test.ts;Backend_Fintech/src/__tests__/integration/payment-transactions.integration.test.ts;Backend_Fintech/src/__tests__/integration/payments.integration.test.ts;Backend_Fintech/src/__tests__/integration/qr-payment-links.integration.test.ts","e2e/tests/payments.spec.ts;e2e/tests/qr-payments.spec.ts;e2e/tests/rbac.spec.ts","partial-verified"
"POST","/api/v1/payments/:id/authorize","payments","Backend_Fintech/src/app/modules/payments/routes/payment.routes.ts",true,"PERMISSIONS.PAYMENTS_READ;PERMISSIONS.PAYMENTS_WRITE;PERMISSIONS.PAYMENTS_CAPTURE;PERMISSIONS.PAYMENTS_MANAGE;PERMISSIONS.PAYMENTS_REFUND","Backend_Fintech/src/__tests__/integration/chargebacks-refunds.integration.test.ts;Backend_Fintech/src/__tests__/integration/concurrency.integration.test.ts;Backend_Fintech/src/__tests__/integration/negative.integration.test.ts;Backend_Fintech/src/__tests__/integration/payment-transactions.integration.test.ts;Backend_Fintech/src/__tests__/integration/payments.integration.test.ts;Backend_Fintech/src/__tests__/integration/qr-payment-links.integration.test.ts","e2e/tests/payments.spec.ts;e2e/tests/qr-payments.spec.ts;e2e/tests/rbac.spec.ts","partial-verified"
"POST","/api/v1/payments/:id/capture","payments","Backend_Fintech/src/app/modules/payments/routes/payment.routes.ts",true,"PERMISSIONS.PAYMENTS_READ;PERMISSIONS.PAYMENTS_WRITE;PERMISSIONS.PAYMENTS_CAPTURE;PERMISSIONS.PAYMENTS_MANAGE;PERMISSIONS.PAYMENTS_REFUND","Backend_Fintech/src/__tests__/integration/chargebacks-refunds.integration.test.ts;Backend_Fintech/src/__tests__/integration/concurrency.integration.test.ts;Backend_Fintech/src/__tests__/integration/negative.integration.test.ts;Backend_Fintech/src/__tests__/integration/payment-transactions.integration.test.ts;Backend_Fintech/src/__tests__/integration/payments.integration.test.ts;Backend_Fintech/src/__tests__/integration/qr-payment-links.integration.test.ts","e2e/tests/payments.spec.ts;e2e/tests/qr-payments.spec.ts;e2e/tests/rbac.spec.ts","partial-verified"
"POST","/api/v1/payments/:id/cancel","payments","Backend_Fintech/src/app/modules/payments/routes/payment.routes.ts",true,"PERMISSIONS.PAYMENTS_READ;PERMISSIONS.PAYMENTS_WRITE;PERMISSIONS.PAYMENTS_CAPTURE;PERMISSIONS.PAYMENTS_MANAGE;PERMISSIONS.PAYMENTS_REFUND","Backend_Fintech/src/__tests__/integration/chargebacks-refunds.integration.test.ts;Backend_Fintech/src/__tests__/integration/concurrency.integration.test.ts;Backend_Fintech/src/__tests__/integration/negative.integration.test.ts;Backend_Fintech/src/__tests__/integration/payment-transactions.integration.test.ts;Backend_Fintech/src/__tests__/integration/payments.integration.test.ts;Backend_Fintech/src/__tests__/integration/qr-payment-links.integration.test.ts","e2e/tests/payments.spec.ts;e2e/tests/qr-payments.spec.ts;e2e/tests/rbac.spec.ts","partial-verified"
"POST","/api/v1/payments/:id/refund","payments","Backend_Fintech/src/app/modules/payments/routes/payment.routes.ts",true,"PERMISSIONS.PAYMENTS_READ;PERMISSIONS.PAYMENTS_WRITE;PERMISSIONS.PAYMENTS_CAPTURE;PERMISSIONS.PAYMENTS_MANAGE;PERMISSIONS.PAYMENTS_REFUND","Backend_Fintech/src/__tests__/integration/chargebacks-refunds.integration.test.ts;Backend_Fintech/src/__tests__/integration/concurrency.integration.test.ts;Backend_Fintech/src/__tests__/integration/negative.integration.test.ts;Backend_Fintech/src/__tests__/integration/payment-transactions.integration.test.ts;Backend_Fintech/src/__tests__/integration/payments.integration.test.ts;Backend_Fintech/src/__tests__/integration/qr-payment-links.integration.test.ts","e2e/tests/payments.spec.ts;e2e/tests/qr-payments.spec.ts;e2e/tests/rbac.spec.ts","partial-verified"
"POST","/api/v1/payments/:id/retry","payments","Backend_Fintech/src/app/modules/payments/routes/payment.routes.ts",true,"PERMISSIONS.PAYMENTS_READ;PERMISSIONS.PAYMENTS_WRITE;PERMISSIONS.PAYMENTS_CAPTURE;PERMISSIONS.PAYMENTS_MANAGE;PERMISSIONS.PAYMENTS_REFUND","Backend_Fintech/src/__tests__/integration/chargebacks-refunds.integration.test.ts;Backend_Fintech/src/__tests__/integration/concurrency.integration.test.ts;Backend_Fintech/src/__tests__/integration/negative.integration.test.ts;Backend_Fintech/src/__tests__/integration/payment-transactions.integration.test.ts;Backend_Fintech/src/__tests__/integration/payments.integration.test.ts;Backend_Fintech/src/__tests__/integration/qr-payment-links.integration.test.ts","e2e/tests/payments.spec.ts;e2e/tests/qr-payments.spec.ts;e2e/tests/rbac.spec.ts","partial-verified"
"POST","/api/v1/payments/:id/expire","payments","Backend_Fintech/src/app/modules/payments/routes/payment.routes.ts",true,"PERMISSIONS.PAYMENTS_READ;PERMISSIONS.PAYMENTS_WRITE;PERMISSIONS.PAYMENTS_CAPTURE;PERMISSIONS.PAYMENTS_MANAGE;PERMISSIONS.PAYMENTS_REFUND","Backend_Fintech/src/__tests__/integration/chargebacks-refunds.integration.test.ts;Backend_Fintech/src/__tests__/integration/concurrency.integration.test.ts;Backend_Fintech/src/__tests__/integration/negative.integration.test.ts;Backend_Fintech/src/__tests__/integration/payment-transactions.integration.test.ts;Backend_Fintech/src/__tests__/integration/payments.integration.test.ts;Backend_Fintech/src/__tests__/integration/qr-payment-links.integration.test.ts","e2e/tests/payments.spec.ts;e2e/tests/qr-payments.spec.ts;e2e/tests/rbac.spec.ts","partial-verified"
"GET","/api/v1/payouts/statistics","payouts","Backend_Fintech/src/app/modules/payouts/routes/payout.routes.ts",true,"PERMISSIONS.PAYOUTS_READ;PERMISSIONS.PAYOUTS_WRITE;PERMISSIONS.PAYOUTS_APPROVE","","","NOT VERIFIED"
"GET","/api/v1/payouts/bank-accounts","payouts","Backend_Fintech/src/app/modules/payouts/routes/payout.routes.ts",true,"PERMISSIONS.PAYOUTS_READ;PERMISSIONS.PAYOUTS_WRITE;PERMISSIONS.PAYOUTS_APPROVE","","","NOT VERIFIED"
"POST","/api/v1/payouts/bank-accounts","payouts","Backend_Fintech/src/app/modules/payouts/routes/payout.routes.ts",true,"PERMISSIONS.PAYOUTS_READ;PERMISSIONS.PAYOUTS_WRITE;PERMISSIONS.PAYOUTS_APPROVE","","","NOT VERIFIED"
"PATCH","/api/v1/payouts/bank-accounts/:id","payouts","Backend_Fintech/src/app/modules/payouts/routes/payout.routes.ts",true,"PERMISSIONS.PAYOUTS_READ;PERMISSIONS.PAYOUTS_WRITE;PERMISSIONS.PAYOUTS_APPROVE","","","NOT VERIFIED"
"GET","/api/v1/payouts/","payouts","Backend_Fintech/src/app/modules/payouts/routes/payout.routes.ts",true,"PERMISSIONS.PAYOUTS_READ;PERMISSIONS.PAYOUTS_WRITE;PERMISSIONS.PAYOUTS_APPROVE","","","NOT VERIFIED"
"POST","/api/v1/payouts/","payouts","Backend_Fintech/src/app/modules/payouts/routes/payout.routes.ts",true,"PERMISSIONS.PAYOUTS_READ;PERMISSIONS.PAYOUTS_WRITE;PERMISSIONS.PAYOUTS_APPROVE","","","NOT VERIFIED"
"GET","/api/v1/payouts/:id/history","payouts","Backend_Fintech/src/app/modules/payouts/routes/payout.routes.ts",true,"PERMISSIONS.PAYOUTS_READ;PERMISSIONS.PAYOUTS_WRITE;PERMISSIONS.PAYOUTS_APPROVE","","","NOT VERIFIED"
"POST","/api/v1/payouts/:id/approve","payouts","Backend_Fintech/src/app/modules/payouts/routes/payout.routes.ts",true,"PERMISSIONS.PAYOUTS_READ;PERMISSIONS.PAYOUTS_WRITE;PERMISSIONS.PAYOUTS_APPROVE","","","NOT VERIFIED"
"POST","/api/v1/payouts/:id/reject","payouts","Backend_Fintech/src/app/modules/payouts/routes/payout.routes.ts",true,"PERMISSIONS.PAYOUTS_READ;PERMISSIONS.PAYOUTS_WRITE;PERMISSIONS.PAYOUTS_APPROVE","","","NOT VERIFIED"
"POST","/api/v1/payouts/:id/retry","payouts","Backend_Fintech/src/app/modules/payouts/routes/payout.routes.ts",true,"PERMISSIONS.PAYOUTS_READ;PERMISSIONS.PAYOUTS_WRITE;PERMISSIONS.PAYOUTS_APPROVE","","","NOT VERIFIED"
"GET","/api/v1/payouts/:id","payouts","Backend_Fintech/src/app/modules/payouts/routes/payout.routes.ts",true,"PERMISSIONS.PAYOUTS_READ;PERMISSIONS.PAYOUTS_WRITE;PERMISSIONS.PAYOUTS_APPROVE","","","NOT VERIFIED"
"GET","/api/v1/permissions/","permissions","Backend_Fintech/src/app/modules/permissions/routes/permission.routes.ts",true,"PERMISSIONS.PERMISSIONS_READ","","","NOT VERIFIED"
"GET","/api/v1/pricing/","pricing","Backend_Fintech/src/app/modules/pricing/routes/pricing.routes.ts",true,"PERMISSIONS.PRICING_READ;PERMISSIONS.PRICING_WRITE","","","NOT VERIFIED"
"POST","/api/v1/pricing/","pricing","Backend_Fintech/src/app/modules/pricing/routes/pricing.routes.ts",true,"PERMISSIONS.PRICING_READ;PERMISSIONS.PRICING_WRITE","","","NOT VERIFIED"
"GET","/api/v1/pricing/:id","pricing","Backend_Fintech/src/app/modules/pricing/routes/pricing.routes.ts",true,"PERMISSIONS.PRICING_READ;PERMISSIONS.PRICING_WRITE","","","NOT VERIFIED"
"GET","/api/v1/qr-payments/templates","qr-payments","Backend_Fintech/src/app/modules/qr-payments/routes/qr-payment.routes.ts",true,"PERMISSIONS.QR_PAYMENTS_READ;PERMISSIONS.QR_PAYMENTS_WRITE;PERMISSIONS.QR_PAYMENTS_MANAGE","Backend_Fintech/src/__tests__/integration/qr-payment-links.integration.test.ts","e2e/tests/qr-payments.spec.ts","partial-verified"
"GET","/api/v1/qr-payments/categories","qr-payments","Backend_Fintech/src/app/modules/qr-payments/routes/qr-payment.routes.ts",true,"PERMISSIONS.QR_PAYMENTS_READ;PERMISSIONS.QR_PAYMENTS_WRITE;PERMISSIONS.QR_PAYMENTS_MANAGE","Backend_Fintech/src/__tests__/integration/qr-payment-links.integration.test.ts","e2e/tests/qr-payments.spec.ts","partial-verified"
"POST","/api/v1/qr-payments/bulk","qr-payments","Backend_Fintech/src/app/modules/qr-payments/routes/qr-payment.routes.ts",true,"PERMISSIONS.QR_PAYMENTS_READ;PERMISSIONS.QR_PAYMENTS_WRITE;PERMISSIONS.QR_PAYMENTS_MANAGE","Backend_Fintech/src/__tests__/integration/qr-payment-links.integration.test.ts","e2e/tests/qr-payments.spec.ts","partial-verified"
"GET","/api/v1/qr-payments/statistics","qr-payments","Backend_Fintech/src/app/modules/qr-payments/routes/qr-payment.routes.ts",true,"PERMISSIONS.QR_PAYMENTS_READ;PERMISSIONS.QR_PAYMENTS_WRITE;PERMISSIONS.QR_PAYMENTS_MANAGE","Backend_Fintech/src/__tests__/integration/qr-payment-links.integration.test.ts","e2e/tests/qr-payments.spec.ts","partial-verified"
"GET","/api/v1/qr-payments/","qr-payments","Backend_Fintech/src/app/modules/qr-payments/routes/qr-payment.routes.ts",true,"PERMISSIONS.QR_PAYMENTS_READ;PERMISSIONS.QR_PAYMENTS_WRITE;PERMISSIONS.QR_PAYMENTS_MANAGE","Backend_Fintech/src/__tests__/integration/qr-payment-links.integration.test.ts","e2e/tests/qr-payments.spec.ts","partial-verified"
"POST","/api/v1/qr-payments/","qr-payments","Backend_Fintech/src/app/modules/qr-payments/routes/qr-payment.routes.ts",true,"PERMISSIONS.QR_PAYMENTS_READ;PERMISSIONS.QR_PAYMENTS_WRITE;PERMISSIONS.QR_PAYMENTS_MANAGE","Backend_Fintech/src/__tests__/integration/qr-payment-links.integration.test.ts","e2e/tests/qr-payments.spec.ts","partial-verified"
"GET","/api/v1/qr-payments/:id/download/svg","qr-payments","Backend_Fintech/src/app/modules/qr-payments/routes/qr-payment.routes.ts",true,"PERMISSIONS.QR_PAYMENTS_READ;PERMISSIONS.QR_PAYMENTS_WRITE;PERMISSIONS.QR_PAYMENTS_MANAGE","Backend_Fintech/src/__tests__/integration/qr-payment-links.integration.test.ts","e2e/tests/qr-payments.spec.ts","partial-verified"
"GET","/api/v1/qr-payments/:id/download","qr-payments","Backend_Fintech/src/app/modules/qr-payments/routes/qr-payment.routes.ts",true,"PERMISSIONS.QR_PAYMENTS_READ;PERMISSIONS.QR_PAYMENTS_WRITE;PERMISSIONS.QR_PAYMENTS_MANAGE","Backend_Fintech/src/__tests__/integration/qr-payment-links.integration.test.ts","e2e/tests/qr-payments.spec.ts","partial-verified"
"GET","/api/v1/qr-payments/:id/scan-history","qr-payments","Backend_Fintech/src/app/modules/qr-payments/routes/qr-payment.routes.ts",true,"PERMISSIONS.QR_PAYMENTS_READ;PERMISSIONS.QR_PAYMENTS_WRITE;PERMISSIONS.QR_PAYMENTS_MANAGE","Backend_Fintech/src/__tests__/integration/qr-payment-links.integration.test.ts","e2e/tests/qr-payments.spec.ts","partial-verified"
"POST","/api/v1/qr-payments/:id/clone","qr-payments","Backend_Fintech/src/app/modules/qr-payments/routes/qr-payment.routes.ts",true,"PERMISSIONS.QR_PAYMENTS_READ;PERMISSIONS.QR_PAYMENTS_WRITE;PERMISSIONS.QR_PAYMENTS_MANAGE","Backend_Fintech/src/__tests__/integration/qr-payment-links.integration.test.ts","e2e/tests/qr-payments.spec.ts","partial-verified"
"POST","/api/v1/qr-payments/:id/archive","qr-payments","Backend_Fintech/src/app/modules/qr-payments/routes/qr-payment.routes.ts",true,"PERMISSIONS.QR_PAYMENTS_READ;PERMISSIONS.QR_PAYMENTS_WRITE;PERMISSIONS.QR_PAYMENTS_MANAGE","Backend_Fintech/src/__tests__/integration/qr-payment-links.integration.test.ts","e2e/tests/qr-payments.spec.ts","partial-verified"
"POST","/api/v1/qr-payments/:id/enable","qr-payments","Backend_Fintech/src/app/modules/qr-payments/routes/qr-payment.routes.ts",true,"PERMISSIONS.QR_PAYMENTS_READ;PERMISSIONS.QR_PAYMENTS_WRITE;PERMISSIONS.QR_PAYMENTS_MANAGE","Backend_Fintech/src/__tests__/integration/qr-payment-links.integration.test.ts","e2e/tests/qr-payments.spec.ts","partial-verified"
"POST","/api/v1/qr-payments/:id/disable","qr-payments","Backend_Fintech/src/app/modules/qr-payments/routes/qr-payment.routes.ts",true,"PERMISSIONS.QR_PAYMENTS_READ;PERMISSIONS.QR_PAYMENTS_WRITE;PERMISSIONS.QR_PAYMENTS_MANAGE","Backend_Fintech/src/__tests__/integration/qr-payment-links.integration.test.ts","e2e/tests/qr-payments.spec.ts","partial-verified"
"POST","/api/v1/qr-payments/:id/regenerate","qr-payments","Backend_Fintech/src/app/modules/qr-payments/routes/qr-payment.routes.ts",true,"PERMISSIONS.QR_PAYMENTS_READ;PERMISSIONS.QR_PAYMENTS_WRITE;PERMISSIONS.QR_PAYMENTS_MANAGE","Backend_Fintech/src/__tests__/integration/qr-payment-links.integration.test.ts","e2e/tests/qr-payments.spec.ts","partial-verified"
"GET","/api/v1/qr-payments/:id","qr-payments","Backend_Fintech/src/app/modules/qr-payments/routes/qr-payment.routes.ts",true,"PERMISSIONS.QR_PAYMENTS_READ;PERMISSIONS.QR_PAYMENTS_WRITE;PERMISSIONS.QR_PAYMENTS_MANAGE","Backend_Fintech/src/__tests__/integration/qr-payment-links.integration.test.ts","e2e/tests/qr-payments.spec.ts","partial-verified"
"PUT","/api/v1/qr-payments/:id","qr-payments","Backend_Fintech/src/app/modules/qr-payments/routes/qr-payment.routes.ts",true,"PERMISSIONS.QR_PAYMENTS_READ;PERMISSIONS.QR_PAYMENTS_WRITE;PERMISSIONS.QR_PAYMENTS_MANAGE","Backend_Fintech/src/__tests__/integration/qr-payment-links.integration.test.ts","e2e/tests/qr-payments.spec.ts","partial-verified"
"GET","/api/v1/qr-payments/:token","qr-payments","Backend_Fintech/src/app/modules/qr-payments/routes/qr-payment.routes.ts",true,"PERMISSIONS.QR_PAYMENTS_READ;PERMISSIONS.QR_PAYMENTS_WRITE;PERMISSIONS.QR_PAYMENTS_MANAGE","Backend_Fintech/src/__tests__/integration/qr-payment-links.integration.test.ts","e2e/tests/qr-payments.spec.ts","partial-verified"
"POST","/api/v1/qr-payments/:token/pay","qr-payments","Backend_Fintech/src/app/modules/qr-payments/routes/qr-payment.routes.ts",true,"PERMISSIONS.QR_PAYMENTS_READ;PERMISSIONS.QR_PAYMENTS_WRITE;PERMISSIONS.QR_PAYMENTS_MANAGE","Backend_Fintech/src/__tests__/integration/qr-payment-links.integration.test.ts","e2e/tests/qr-payments.spec.ts","partial-verified"
"GET","/api/v1/reconciliation/dashboard","reconciliation","Backend_Fintech/src/app/modules/reconciliation/routes/reconciliation.routes.ts",true,"PERMISSIONS.RECONCILIATION_READ;PERMISSIONS.RECONCILIATION_WRITE;PERMISSIONS.RECONCILIATION_MANAGE","","","NOT VERIFIED"
"GET","/api/v1/reconciliation/imports","reconciliation","Backend_Fintech/src/app/modules/reconciliation/routes/reconciliation.routes.ts",true,"PERMISSIONS.RECONCILIATION_READ;PERMISSIONS.RECONCILIATION_WRITE;PERMISSIONS.RECONCILIATION_MANAGE","","","NOT VERIFIED"
"POST","/api/v1/reconciliation/imports","reconciliation","Backend_Fintech/src/app/modules/reconciliation/routes/reconciliation.routes.ts",true,"PERMISSIONS.RECONCILIATION_READ;PERMISSIONS.RECONCILIATION_WRITE;PERMISSIONS.RECONCILIATION_MANAGE","","","NOT VERIFIED"
"GET","/api/v1/reconciliation/imports/:id","reconciliation","Backend_Fintech/src/app/modules/reconciliation/routes/reconciliation.routes.ts",true,"PERMISSIONS.RECONCILIATION_READ;PERMISSIONS.RECONCILIATION_WRITE;PERMISSIONS.RECONCILIATION_MANAGE","","","NOT VERIFIED"
"PUT","/api/v1/reconciliation/imports/:id","reconciliation","Backend_Fintech/src/app/modules/reconciliation/routes/reconciliation.routes.ts",true,"PERMISSIONS.RECONCILIATION_READ;PERMISSIONS.RECONCILIATION_WRITE;PERMISSIONS.RECONCILIATION_MANAGE","","","NOT VERIFIED"
"DELETE","/api/v1/reconciliation/imports/:id","reconciliation","Backend_Fintech/src/app/modules/reconciliation/routes/reconciliation.routes.ts",true,"PERMISSIONS.RECONCILIATION_READ;PERMISSIONS.RECONCILIATION_WRITE;PERMISSIONS.RECONCILIATION_MANAGE","","","NOT VERIFIED"
"POST","/api/v1/reconciliation/imports/:importId/records","reconciliation","Backend_Fintech/src/app/modules/reconciliation/routes/reconciliation.routes.ts",true,"PERMISSIONS.RECONCILIATION_READ;PERMISSIONS.RECONCILIATION_WRITE;PERMISSIONS.RECONCILIATION_MANAGE","","","NOT VERIFIED"
"GET","/api/v1/reconciliation/records","reconciliation","Backend_Fintech/src/app/modules/reconciliation/routes/reconciliation.routes.ts",true,"PERMISSIONS.RECONCILIATION_READ;PERMISSIONS.RECONCILIATION_WRITE;PERMISSIONS.RECONCILIATION_MANAGE","","","NOT VERIFIED"
"GET","/api/v1/reconciliation/records/:id","reconciliation","Backend_Fintech/src/app/modules/reconciliation/routes/reconciliation.routes.ts",true,"PERMISSIONS.RECONCILIATION_READ;PERMISSIONS.RECONCILIATION_WRITE;PERMISSIONS.RECONCILIATION_MANAGE","","","NOT VERIFIED"
"POST","/api/v1/reconciliation/records/:id/match","reconciliation","Backend_Fintech/src/app/modules/reconciliation/routes/reconciliation.routes.ts",true,"PERMISSIONS.RECONCILIATION_READ;PERMISSIONS.RECONCILIATION_WRITE;PERMISSIONS.RECONCILIATION_MANAGE","","","NOT VERIFIED"
"GET","/api/v1/refunds/statistics","refunds","Backend_Fintech/src/app/modules/refunds/routes/refund.routes.ts",true,"PERMISSIONS.REFUNDS_READ;PERMISSIONS.REFUNDS_WRITE;PERMISSIONS.REFUNDS_APPROVE","Backend_Fintech/src/__tests__/integration/chargebacks-refunds.integration.test.ts","e2e/tests/rbac.spec.ts","partial-verified"
"GET","/api/v1/refunds/","refunds","Backend_Fintech/src/app/modules/refunds/routes/refund.routes.ts",true,"PERMISSIONS.REFUNDS_READ;PERMISSIONS.REFUNDS_WRITE;PERMISSIONS.REFUNDS_APPROVE","Backend_Fintech/src/__tests__/integration/chargebacks-refunds.integration.test.ts","e2e/tests/rbac.spec.ts","partial-verified"
"POST","/api/v1/refunds/","refunds","Backend_Fintech/src/app/modules/refunds/routes/refund.routes.ts",true,"PERMISSIONS.REFUNDS_READ;PERMISSIONS.REFUNDS_WRITE;PERMISSIONS.REFUNDS_APPROVE","Backend_Fintech/src/__tests__/integration/chargebacks-refunds.integration.test.ts","e2e/tests/rbac.spec.ts","partial-verified"
"GET","/api/v1/refunds/:id/history","refunds","Backend_Fintech/src/app/modules/refunds/routes/refund.routes.ts",true,"PERMISSIONS.REFUNDS_READ;PERMISSIONS.REFUNDS_WRITE;PERMISSIONS.REFUNDS_APPROVE","Backend_Fintech/src/__tests__/integration/chargebacks-refunds.integration.test.ts","e2e/tests/rbac.spec.ts","partial-verified"
"GET","/api/v1/refunds/:id","refunds","Backend_Fintech/src/app/modules/refunds/routes/refund.routes.ts",true,"PERMISSIONS.REFUNDS_READ;PERMISSIONS.REFUNDS_WRITE;PERMISSIONS.REFUNDS_APPROVE","Backend_Fintech/src/__tests__/integration/chargebacks-refunds.integration.test.ts","e2e/tests/rbac.spec.ts","partial-verified"
"POST","/api/v1/refunds/:id/approve","refunds","Backend_Fintech/src/app/modules/refunds/routes/refund.routes.ts",true,"PERMISSIONS.REFUNDS_READ;PERMISSIONS.REFUNDS_WRITE;PERMISSIONS.REFUNDS_APPROVE","Backend_Fintech/src/__tests__/integration/chargebacks-refunds.integration.test.ts","e2e/tests/rbac.spec.ts","partial-verified"
"POST","/api/v1/refunds/:id/reject","refunds","Backend_Fintech/src/app/modules/refunds/routes/refund.routes.ts",true,"PERMISSIONS.REFUNDS_READ;PERMISSIONS.REFUNDS_WRITE;PERMISSIONS.REFUNDS_APPROVE","Backend_Fintech/src/__tests__/integration/chargebacks-refunds.integration.test.ts","e2e/tests/rbac.spec.ts","partial-verified"
"GET","/api/v1/reports/overview","reports","Backend_Fintech/src/app/modules/reports/routes/analytics.routes.ts",true,"PERMISSIONS.ANALYTICS_READ;PERMISSIONS.ANALYTICS_EXPORT","Backend_Fintech/src/__tests__/integration/reports-audit.integration.test.ts","e2e/tests/reports.spec.ts","partial-verified"
"GET","/api/v1/reports/revenue","reports","Backend_Fintech/src/app/modules/reports/routes/analytics.routes.ts",true,"PERMISSIONS.ANALYTICS_READ;PERMISSIONS.ANALYTICS_EXPORT","Backend_Fintech/src/__tests__/integration/reports-audit.integration.test.ts","e2e/tests/reports.spec.ts","partial-verified"
"GET","/api/v1/reports/transactions","reports","Backend_Fintech/src/app/modules/reports/routes/analytics.routes.ts",true,"PERMISSIONS.ANALYTICS_READ;PERMISSIONS.ANALYTICS_EXPORT","Backend_Fintech/src/__tests__/integration/reports-audit.integration.test.ts","e2e/tests/reports.spec.ts","partial-verified"
"GET","/api/v1/reports/settlements","reports","Backend_Fintech/src/app/modules/reports/routes/analytics.routes.ts",true,"PERMISSIONS.ANALYTICS_READ;PERMISSIONS.ANALYTICS_EXPORT","Backend_Fintech/src/__tests__/integration/reports-audit.integration.test.ts","e2e/tests/reports.spec.ts","partial-verified"
"GET","/api/v1/reports/merchants","reports","Backend_Fintech/src/app/modules/reports/routes/analytics.routes.ts",true,"PERMISSIONS.ANALYTICS_READ;PERMISSIONS.ANALYTICS_EXPORT","Backend_Fintech/src/__tests__/integration/reports-audit.integration.test.ts","e2e/tests/reports.spec.ts","partial-verified"
"GET","/api/v1/reports/customers","reports","Backend_Fintech/src/app/modules/reports/routes/analytics.routes.ts",true,"PERMISSIONS.ANALYTICS_READ;PERMISSIONS.ANALYTICS_EXPORT","Backend_Fintech/src/__tests__/integration/reports-audit.integration.test.ts","e2e/tests/reports.spec.ts","partial-verified"
"GET","/api/v1/reports/refunds","reports","Backend_Fintech/src/app/modules/reports/routes/analytics.routes.ts",true,"PERMISSIONS.ANALYTICS_READ;PERMISSIONS.ANALYTICS_EXPORT","Backend_Fintech/src/__tests__/integration/reports-audit.integration.test.ts","e2e/tests/reports.spec.ts","partial-verified"
"GET","/api/v1/reports/chargebacks","reports","Backend_Fintech/src/app/modules/reports/routes/analytics.routes.ts",true,"PERMISSIONS.ANALYTICS_READ;PERMISSIONS.ANALYTICS_EXPORT","Backend_Fintech/src/__tests__/integration/reports-audit.integration.test.ts","e2e/tests/reports.spec.ts","partial-verified"
"GET","/api/v1/reports/payouts","reports","Backend_Fintech/src/app/modules/reports/routes/analytics.routes.ts",true,"PERMISSIONS.ANALYTICS_READ;PERMISSIONS.ANALYTICS_EXPORT","Backend_Fintech/src/__tests__/integration/reports-audit.integration.test.ts","e2e/tests/reports.spec.ts","partial-verified"
"GET","/api/v1/reports/payment-links","reports","Backend_Fintech/src/app/modules/reports/routes/analytics.routes.ts",true,"PERMISSIONS.ANALYTICS_READ;PERMISSIONS.ANALYTICS_EXPORT","Backend_Fintech/src/__tests__/integration/reports-audit.integration.test.ts","e2e/tests/reports.spec.ts","partial-verified"
"GET","/api/v1/reports/invoices","reports","Backend_Fintech/src/app/modules/reports/routes/analytics.routes.ts",true,"PERMISSIONS.ANALYTICS_READ;PERMISSIONS.ANALYTICS_EXPORT","Backend_Fintech/src/__tests__/integration/reports-audit.integration.test.ts","e2e/tests/reports.spec.ts","partial-verified"
"GET","/api/v1/reports/qr-payments","reports","Backend_Fintech/src/app/modules/reports/routes/analytics.routes.ts",true,"PERMISSIONS.ANALYTICS_READ;PERMISSIONS.ANALYTICS_EXPORT","Backend_Fintech/src/__tests__/integration/reports-audit.integration.test.ts","e2e/tests/reports.spec.ts","partial-verified"
"GET","/api/v1/reports/subscriptions","reports","Backend_Fintech/src/app/modules/reports/routes/analytics.routes.ts",true,"PERMISSIONS.ANALYTICS_READ;PERMISSIONS.ANALYTICS_EXPORT","Backend_Fintech/src/__tests__/integration/reports-audit.integration.test.ts","e2e/tests/reports.spec.ts","partial-verified"
"GET","/api/v1/reports/support","reports","Backend_Fintech/src/app/modules/reports/routes/analytics.routes.ts",true,"PERMISSIONS.ANALYTICS_READ;PERMISSIONS.ANALYTICS_EXPORT","Backend_Fintech/src/__tests__/integration/reports-audit.integration.test.ts","e2e/tests/reports.spec.ts","partial-verified"
"GET","/api/v1/reports/operations","reports","Backend_Fintech/src/app/modules/reports/routes/analytics.routes.ts",true,"PERMISSIONS.ANALYTICS_READ;PERMISSIONS.ANALYTICS_EXPORT","Backend_Fintech/src/__tests__/integration/reports-audit.integration.test.ts","e2e/tests/reports.spec.ts","partial-verified"
"GET","/api/v1/reports/payment-methods","reports","Backend_Fintech/src/app/modules/reports/routes/analytics.routes.ts",true,"PERMISSIONS.ANALYTICS_READ;PERMISSIONS.ANALYTICS_EXPORT","Backend_Fintech/src/__tests__/integration/reports-audit.integration.test.ts","e2e/tests/reports.spec.ts","partial-verified"
"GET","/api/v1/reports/regional","reports","Backend_Fintech/src/app/modules/reports/routes/analytics.routes.ts",true,"PERMISSIONS.ANALYTICS_READ;PERMISSIONS.ANALYTICS_EXPORT","Backend_Fintech/src/__tests__/integration/reports-audit.integration.test.ts","e2e/tests/reports.spec.ts","partial-verified"
"GET","/api/v1/reports/export","reports","Backend_Fintech/src/app/modules/reports/routes/analytics.routes.ts",true,"PERMISSIONS.ANALYTICS_READ;PERMISSIONS.ANALYTICS_EXPORT","Backend_Fintech/src/__tests__/integration/reports-audit.integration.test.ts","e2e/tests/reports.spec.ts","partial-verified"
"GET","/api/v1/reports/center/catalog","reports","Backend_Fintech/src/app/modules/reports/routes/reports.routes.ts",true,"PERMISSIONS.REPORTS_READ;PERMISSIONS.REPORTS_WRITE;PERMISSIONS.REPORTS_EXPORT","Backend_Fintech/src/__tests__/integration/reports-audit.integration.test.ts","e2e/tests/reports.spec.ts","partial-verified"
"GET","/api/v1/reports/center/saved-filters","reports","Backend_Fintech/src/app/modules/reports/routes/reports.routes.ts",true,"PERMISSIONS.REPORTS_READ;PERMISSIONS.REPORTS_WRITE;PERMISSIONS.REPORTS_EXPORT","Backend_Fintech/src/__tests__/integration/reports-audit.integration.test.ts","e2e/tests/reports.spec.ts","partial-verified"
"POST","/api/v1/reports/center/saved-filters","reports","Backend_Fintech/src/app/modules/reports/routes/reports.routes.ts",true,"PERMISSIONS.REPORTS_READ;PERMISSIONS.REPORTS_WRITE;PERMISSIONS.REPORTS_EXPORT","Backend_Fintech/src/__tests__/integration/reports-audit.integration.test.ts","e2e/tests/reports.spec.ts","partial-verified"
"DELETE","/api/v1/reports/center/saved-filters/:id","reports","Backend_Fintech/src/app/modules/reports/routes/reports.routes.ts",true,"PERMISSIONS.REPORTS_READ;PERMISSIONS.REPORTS_WRITE;PERMISSIONS.REPORTS_EXPORT","Backend_Fintech/src/__tests__/integration/reports-audit.integration.test.ts","e2e/tests/reports.spec.ts","partial-verified"
"POST","/api/v1/reports/center/generate","reports","Backend_Fintech/src/app/modules/reports/routes/reports.routes.ts",true,"PERMISSIONS.REPORTS_READ;PERMISSIONS.REPORTS_WRITE;PERMISSIONS.REPORTS_EXPORT","Backend_Fintech/src/__tests__/integration/reports-audit.integration.test.ts","e2e/tests/reports.spec.ts","partial-verified"
"POST","/api/v1/reports/center/export","reports","Backend_Fintech/src/app/modules/reports/routes/reports.routes.ts",true,"PERMISSIONS.REPORTS_READ;PERMISSIONS.REPORTS_WRITE;PERMISSIONS.REPORTS_EXPORT","Backend_Fintech/src/__tests__/integration/reports-audit.integration.test.ts","e2e/tests/reports.spec.ts","partial-verified"
"GET","/api/v1/reports/center/export-history","reports","Backend_Fintech/src/app/modules/reports/routes/reports.routes.ts",true,"PERMISSIONS.REPORTS_READ;PERMISSIONS.REPORTS_WRITE;PERMISSIONS.REPORTS_EXPORT","Backend_Fintech/src/__tests__/integration/reports-audit.integration.test.ts","e2e/tests/reports.spec.ts","partial-verified"
"GET","/api/v1/reports/templates","reports","Backend_Fintech/src/app/modules/reports/routes/reports.routes.ts",true,"PERMISSIONS.REPORTS_READ;PERMISSIONS.REPORTS_WRITE;PERMISSIONS.REPORTS_EXPORT","Backend_Fintech/src/__tests__/integration/reports-audit.integration.test.ts","e2e/tests/reports.spec.ts","partial-verified"
"GET","/api/v1/reports/categories","reports","Backend_Fintech/src/app/modules/reports/routes/reports.routes.ts",true,"PERMISSIONS.REPORTS_READ;PERMISSIONS.REPORTS_WRITE;PERMISSIONS.REPORTS_EXPORT","Backend_Fintech/src/__tests__/integration/reports-audit.integration.test.ts","e2e/tests/reports.spec.ts","partial-verified"
"GET","/api/v1/reports/history","reports","Backend_Fintech/src/app/modules/reports/routes/reports.routes.ts",true,"PERMISSIONS.REPORTS_READ;PERMISSIONS.REPORTS_WRITE;PERMISSIONS.REPORTS_EXPORT","Backend_Fintech/src/__tests__/integration/reports-audit.integration.test.ts","e2e/tests/reports.spec.ts","partial-verified"
"GET","/api/v1/reports/scheduled","reports","Backend_Fintech/src/app/modules/reports/routes/reports.routes.ts",true,"PERMISSIONS.REPORTS_READ;PERMISSIONS.REPORTS_WRITE;PERMISSIONS.REPORTS_EXPORT","Backend_Fintech/src/__tests__/integration/reports-audit.integration.test.ts","e2e/tests/reports.spec.ts","partial-verified"
"POST","/api/v1/reports/scheduled","reports","Backend_Fintech/src/app/modules/reports/routes/reports.routes.ts",true,"PERMISSIONS.REPORTS_READ;PERMISSIONS.REPORTS_WRITE;PERMISSIONS.REPORTS_EXPORT","Backend_Fintech/src/__tests__/integration/reports-audit.integration.test.ts","e2e/tests/reports.spec.ts","partial-verified"
"PUT","/api/v1/reports/scheduled/:id","reports","Backend_Fintech/src/app/modules/reports/routes/reports.routes.ts",true,"PERMISSIONS.REPORTS_READ;PERMISSIONS.REPORTS_WRITE;PERMISSIONS.REPORTS_EXPORT","Backend_Fintech/src/__tests__/integration/reports-audit.integration.test.ts","e2e/tests/reports.spec.ts","partial-verified"
"DELETE","/api/v1/reports/scheduled/:id","reports","Backend_Fintech/src/app/modules/reports/routes/reports.routes.ts",true,"PERMISSIONS.REPORTS_READ;PERMISSIONS.REPORTS_WRITE;PERMISSIONS.REPORTS_EXPORT","Backend_Fintech/src/__tests__/integration/reports-audit.integration.test.ts","e2e/tests/reports.spec.ts","partial-verified"
"POST","/api/v1/reports/run","reports","Backend_Fintech/src/app/modules/reports/routes/reports.routes.ts",true,"PERMISSIONS.REPORTS_READ;PERMISSIONS.REPORTS_WRITE;PERMISSIONS.REPORTS_EXPORT","Backend_Fintech/src/__tests__/integration/reports-audit.integration.test.ts","e2e/tests/reports.spec.ts","partial-verified"
"POST","/api/v1/reports/export","reports","Backend_Fintech/src/app/modules/reports/routes/reports.routes.ts",true,"PERMISSIONS.REPORTS_READ;PERMISSIONS.REPORTS_WRITE;PERMISSIONS.REPORTS_EXPORT","Backend_Fintech/src/__tests__/integration/reports-audit.integration.test.ts","e2e/tests/reports.spec.ts","partial-verified"
"GET","/api/v1/reports/","reports","Backend_Fintech/src/app/modules/reports/routes/reports.routes.ts",true,"PERMISSIONS.REPORTS_READ;PERMISSIONS.REPORTS_WRITE;PERMISSIONS.REPORTS_EXPORT","Backend_Fintech/src/__tests__/integration/reports-audit.integration.test.ts","e2e/tests/reports.spec.ts","partial-verified"
"POST","/api/v1/reports/","reports","Backend_Fintech/src/app/modules/reports/routes/reports.routes.ts",true,"PERMISSIONS.REPORTS_READ;PERMISSIONS.REPORTS_WRITE;PERMISSIONS.REPORTS_EXPORT","Backend_Fintech/src/__tests__/integration/reports-audit.integration.test.ts","e2e/tests/reports.spec.ts","partial-verified"
"GET","/api/v1/reports/:id","reports","Backend_Fintech/src/app/modules/reports/routes/reports.routes.ts",true,"PERMISSIONS.REPORTS_READ;PERMISSIONS.REPORTS_WRITE;PERMISSIONS.REPORTS_EXPORT","Backend_Fintech/src/__tests__/integration/reports-audit.integration.test.ts","e2e/tests/reports.spec.ts","partial-verified"
"PUT","/api/v1/reports/:id","reports","Backend_Fintech/src/app/modules/reports/routes/reports.routes.ts",true,"PERMISSIONS.REPORTS_READ;PERMISSIONS.REPORTS_WRITE;PERMISSIONS.REPORTS_EXPORT","Backend_Fintech/src/__tests__/integration/reports-audit.integration.test.ts","e2e/tests/reports.spec.ts","partial-verified"
"DELETE","/api/v1/reports/:id","reports","Backend_Fintech/src/app/modules/reports/routes/reports.routes.ts",true,"PERMISSIONS.REPORTS_READ;PERMISSIONS.REPORTS_WRITE;PERMISSIONS.REPORTS_EXPORT","Backend_Fintech/src/__tests__/integration/reports-audit.integration.test.ts","e2e/tests/reports.spec.ts","partial-verified"
"GET","/api/v1/risk-rules/","risk-rules","Backend_Fintech/src/app/modules/risk-rules/routes/risk-rule.routes.ts",true,"PERMISSIONS.RISK_RULES_READ;PERMISSIONS.RISK_RULES_WRITE;PERMISSIONS.RISK_RULES_MANAGE","","","NOT VERIFIED"
"POST","/api/v1/risk-rules/","risk-rules","Backend_Fintech/src/app/modules/risk-rules/routes/risk-rule.routes.ts",true,"PERMISSIONS.RISK_RULES_READ;PERMISSIONS.RISK_RULES_WRITE;PERMISSIONS.RISK_RULES_MANAGE","","","NOT VERIFIED"
"GET","/api/v1/risk-rules/:id","risk-rules","Backend_Fintech/src/app/modules/risk-rules/routes/risk-rule.routes.ts",true,"PERMISSIONS.RISK_RULES_READ;PERMISSIONS.RISK_RULES_WRITE;PERMISSIONS.RISK_RULES_MANAGE","","","NOT VERIFIED"
"PUT","/api/v1/risk-rules/:id","risk-rules","Backend_Fintech/src/app/modules/risk-rules/routes/risk-rule.routes.ts",true,"PERMISSIONS.RISK_RULES_READ;PERMISSIONS.RISK_RULES_WRITE;PERMISSIONS.RISK_RULES_MANAGE","","","NOT VERIFIED"
"POST","/api/v1/risk-rules/:id/evaluate","risk-rules","Backend_Fintech/src/app/modules/risk-rules/routes/risk-rule.routes.ts",true,"PERMISSIONS.RISK_RULES_READ;PERMISSIONS.RISK_RULES_WRITE;PERMISSIONS.RISK_RULES_MANAGE","","","NOT VERIFIED"
"GET","/api/v1/roles/","roles","Backend_Fintech/src/app/modules/roles/routes/role.routes.ts",true,"PERMISSIONS.ROLES_READ;PERMISSIONS.ROLES_WRITE;PERMISSIONS.ROLES_DELETE;PERMISSIONS.PERMISSIONS_MANAGE","Backend_Fintech/src/__tests__/integration/users.integration.test.ts","e2e/tests/users.spec.ts","partial-verified"
"POST","/api/v1/roles/","roles","Backend_Fintech/src/app/modules/roles/routes/role.routes.ts",true,"PERMISSIONS.ROLES_READ;PERMISSIONS.ROLES_WRITE;PERMISSIONS.ROLES_DELETE;PERMISSIONS.PERMISSIONS_MANAGE","Backend_Fintech/src/__tests__/integration/users.integration.test.ts","e2e/tests/users.spec.ts","partial-verified"
"GET","/api/v1/roles/:id","roles","Backend_Fintech/src/app/modules/roles/routes/role.routes.ts",true,"PERMISSIONS.ROLES_READ;PERMISSIONS.ROLES_WRITE;PERMISSIONS.ROLES_DELETE;PERMISSIONS.PERMISSIONS_MANAGE","Backend_Fintech/src/__tests__/integration/users.integration.test.ts","e2e/tests/users.spec.ts","partial-verified"
"PUT","/api/v1/roles/:id","roles","Backend_Fintech/src/app/modules/roles/routes/role.routes.ts",true,"PERMISSIONS.ROLES_READ;PERMISSIONS.ROLES_WRITE;PERMISSIONS.ROLES_DELETE;PERMISSIONS.PERMISSIONS_MANAGE","Backend_Fintech/src/__tests__/integration/users.integration.test.ts","e2e/tests/users.spec.ts","partial-verified"
"DELETE","/api/v1/roles/:id","roles","Backend_Fintech/src/app/modules/roles/routes/role.routes.ts",true,"PERMISSIONS.ROLES_READ;PERMISSIONS.ROLES_WRITE;PERMISSIONS.ROLES_DELETE;PERMISSIONS.PERMISSIONS_MANAGE","Backend_Fintech/src/__tests__/integration/users.integration.test.ts","e2e/tests/users.spec.ts","partial-verified"
"PUT","/api/v1/roles/:id/permissions","roles","Backend_Fintech/src/app/modules/roles/routes/role.routes.ts",true,"PERMISSIONS.ROLES_READ;PERMISSIONS.ROLES_WRITE;PERMISSIONS.ROLES_DELETE;PERMISSIONS.PERMISSIONS_MANAGE","Backend_Fintech/src/__tests__/integration/users.integration.test.ts","e2e/tests/users.spec.ts","partial-verified"
"GET","/api/v1/sandbox/dashboard","sandbox","Backend_Fintech/src/app/modules/sandbox/routes/sandbox.routes.ts",true,"PERMISSIONS.SANDBOX_READ;PERMISSIONS.SANDBOX_WRITE;PERMISSIONS.SANDBOX_MANAGE","Backend_Fintech/src/__tests__/integration/developer-sandbox.integration.test.ts","e2e/tests/developer-settings.spec.ts","partial-verified"
"GET","/api/v1/sandbox/accounts","sandbox","Backend_Fintech/src/app/modules/sandbox/routes/sandbox.routes.ts",true,"PERMISSIONS.SANDBOX_READ;PERMISSIONS.SANDBOX_WRITE;PERMISSIONS.SANDBOX_MANAGE","Backend_Fintech/src/__tests__/integration/developer-sandbox.integration.test.ts","e2e/tests/developer-settings.spec.ts","partial-verified"
"POST","/api/v1/sandbox/accounts","sandbox","Backend_Fintech/src/app/modules/sandbox/routes/sandbox.routes.ts",true,"PERMISSIONS.SANDBOX_READ;PERMISSIONS.SANDBOX_WRITE;PERMISSIONS.SANDBOX_MANAGE","Backend_Fintech/src/__tests__/integration/developer-sandbox.integration.test.ts","e2e/tests/developer-settings.spec.ts","partial-verified"
"GET","/api/v1/sandbox/accounts/:id","sandbox","Backend_Fintech/src/app/modules/sandbox/routes/sandbox.routes.ts",true,"PERMISSIONS.SANDBOX_READ;PERMISSIONS.SANDBOX_WRITE;PERMISSIONS.SANDBOX_MANAGE","Backend_Fintech/src/__tests__/integration/developer-sandbox.integration.test.ts","e2e/tests/developer-settings.spec.ts","partial-verified"
"PUT","/api/v1/sandbox/accounts/:id","sandbox","Backend_Fintech/src/app/modules/sandbox/routes/sandbox.routes.ts",true,"PERMISSIONS.SANDBOX_READ;PERMISSIONS.SANDBOX_WRITE;PERMISSIONS.SANDBOX_MANAGE","Backend_Fintech/src/__tests__/integration/developer-sandbox.integration.test.ts","e2e/tests/developer-settings.spec.ts","partial-verified"
"DELETE","/api/v1/sandbox/accounts/:id","sandbox","Backend_Fintech/src/app/modules/sandbox/routes/sandbox.routes.ts",true,"PERMISSIONS.SANDBOX_READ;PERMISSIONS.SANDBOX_WRITE;PERMISSIONS.SANDBOX_MANAGE","Backend_Fintech/src/__tests__/integration/developer-sandbox.integration.test.ts","e2e/tests/developer-settings.spec.ts","partial-verified"
"GET","/api/v1/sandbox/test-cards","sandbox","Backend_Fintech/src/app/modules/sandbox/routes/sandbox.routes.ts",true,"PERMISSIONS.SANDBOX_READ;PERMISSIONS.SANDBOX_WRITE;PERMISSIONS.SANDBOX_MANAGE","Backend_Fintech/src/__tests__/integration/developer-sandbox.integration.test.ts","e2e/tests/developer-settings.spec.ts","partial-verified"
"GET","/api/v1/sandbox/simulations","sandbox","Backend_Fintech/src/app/modules/sandbox/routes/sandbox.routes.ts",true,"PERMISSIONS.SANDBOX_READ;PERMISSIONS.SANDBOX_WRITE;PERMISSIONS.SANDBOX_MANAGE","Backend_Fintech/src/__tests__/integration/developer-sandbox.integration.test.ts","e2e/tests/developer-settings.spec.ts","partial-verified"
"POST","/api/v1/sandbox/simulations","sandbox","Backend_Fintech/src/app/modules/sandbox/routes/sandbox.routes.ts",true,"PERMISSIONS.SANDBOX_READ;PERMISSIONS.SANDBOX_WRITE;PERMISSIONS.SANDBOX_MANAGE","Backend_Fintech/src/__tests__/integration/developer-sandbox.integration.test.ts","e2e/tests/developer-settings.spec.ts","partial-verified"
"GET","/api/v1/sandbox/simulations/:id","sandbox","Backend_Fintech/src/app/modules/sandbox/routes/sandbox.routes.ts",true,"PERMISSIONS.SANDBOX_READ;PERMISSIONS.SANDBOX_WRITE;PERMISSIONS.SANDBOX_MANAGE","Backend_Fintech/src/__tests__/integration/developer-sandbox.integration.test.ts","e2e/tests/developer-settings.spec.ts","partial-verified"
"PUT","/api/v1/sandbox/simulations/:id","sandbox","Backend_Fintech/src/app/modules/sandbox/routes/sandbox.routes.ts",true,"PERMISSIONS.SANDBOX_READ;PERMISSIONS.SANDBOX_WRITE;PERMISSIONS.SANDBOX_MANAGE","Backend_Fintech/src/__tests__/integration/developer-sandbox.integration.test.ts","e2e/tests/developer-settings.spec.ts","partial-verified"
"DELETE","/api/v1/sandbox/simulations/:id","sandbox","Backend_Fintech/src/app/modules/sandbox/routes/sandbox.routes.ts",true,"PERMISSIONS.SANDBOX_READ;PERMISSIONS.SANDBOX_WRITE;PERMISSIONS.SANDBOX_MANAGE","Backend_Fintech/src/__tests__/integration/developer-sandbox.integration.test.ts","e2e/tests/developer-settings.spec.ts","partial-verified"
"GET","/api/v1/search/","search","Backend_Fintech/src/app/modules/search/routes/search.routes.ts",true,"PERMISSIONS.GLOBAL_SEARCH_READ","Backend_Fintech/src/__tests__/integration/merchants.integration.test.ts","e2e/tests/merchants.spec.ts;e2e/tests/payments.spec.ts;e2e/tests/rbac.spec.ts;e2e/tests/responsive.spec.ts","partial-verified"
"GET","/api/v1/settings/public/branding","settings","Backend_Fintech/src/app/modules/settings/routes/settings.routes.ts",true,"PERMISSIONS.SETTINGS_READ;PERMISSIONS.SETTINGS_WRITE;PERMISSIONS.PLATFORM_CONFIG_READ;PERMISSIONS.PLATFORM_CONFIG_WRITE","","e2e/tests/developer-settings.spec.ts","NOT VERIFIED"
"GET","/api/v1/settings/public/feature-flags","settings","Backend_Fintech/src/app/modules/settings/routes/settings.routes.ts",true,"PERMISSIONS.SETTINGS_READ;PERMISSIONS.SETTINGS_WRITE;PERMISSIONS.PLATFORM_CONFIG_READ;PERMISSIONS.PLATFORM_CONFIG_WRITE","","e2e/tests/developer-settings.spec.ts","NOT VERIFIED"
"GET","/api/v1/settings/overview","settings","Backend_Fintech/src/app/modules/settings/routes/settings.routes.ts",true,"PERMISSIONS.SETTINGS_READ;PERMISSIONS.SETTINGS_WRITE;PERMISSIONS.PLATFORM_CONFIG_READ;PERMISSIONS.PLATFORM_CONFIG_WRITE","","e2e/tests/developer-settings.spec.ts","NOT VERIFIED"
"GET","/api/v1/settings/organization","settings","Backend_Fintech/src/app/modules/settings/routes/settings.routes.ts",true,"PERMISSIONS.SETTINGS_READ;PERMISSIONS.SETTINGS_WRITE;PERMISSIONS.PLATFORM_CONFIG_READ;PERMISSIONS.PLATFORM_CONFIG_WRITE","","e2e/tests/developer-settings.spec.ts","NOT VERIFIED"
"PUT","/api/v1/settings/organization","settings","Backend_Fintech/src/app/modules/settings/routes/settings.routes.ts",true,"PERMISSIONS.SETTINGS_READ;PERMISSIONS.SETTINGS_WRITE;PERMISSIONS.PLATFORM_CONFIG_READ;PERMISSIONS.PLATFORM_CONFIG_WRITE","","e2e/tests/developer-settings.spec.ts","NOT VERIFIED"
"GET","/api/v1/settings/branding","settings","Backend_Fintech/src/app/modules/settings/routes/settings.routes.ts",true,"PERMISSIONS.SETTINGS_READ;PERMISSIONS.SETTINGS_WRITE;PERMISSIONS.PLATFORM_CONFIG_READ;PERMISSIONS.PLATFORM_CONFIG_WRITE","","e2e/tests/developer-settings.spec.ts","NOT VERIFIED"
"PUT","/api/v1/settings/branding","settings","Backend_Fintech/src/app/modules/settings/routes/settings.routes.ts",true,"PERMISSIONS.SETTINGS_READ;PERMISSIONS.SETTINGS_WRITE;PERMISSIONS.PLATFORM_CONFIG_READ;PERMISSIONS.PLATFORM_CONFIG_WRITE","","e2e/tests/developer-settings.spec.ts","NOT VERIFIED"
"GET","/api/v1/settings/security","settings","Backend_Fintech/src/app/modules/settings/routes/settings.routes.ts",true,"PERMISSIONS.SETTINGS_READ;PERMISSIONS.SETTINGS_WRITE;PERMISSIONS.PLATFORM_CONFIG_READ;PERMISSIONS.PLATFORM_CONFIG_WRITE","","e2e/tests/developer-settings.spec.ts","NOT VERIFIED"
"PUT","/api/v1/settings/security","settings","Backend_Fintech/src/app/modules/settings/routes/settings.routes.ts",true,"PERMISSIONS.SETTINGS_READ;PERMISSIONS.SETTINGS_WRITE;PERMISSIONS.PLATFORM_CONFIG_READ;PERMISSIONS.PLATFORM_CONFIG_WRITE","","e2e/tests/developer-settings.spec.ts","NOT VERIFIED"
"GET","/api/v1/settings/password-policy","settings","Backend_Fintech/src/app/modules/settings/routes/settings.routes.ts",true,"PERMISSIONS.SETTINGS_READ;PERMISSIONS.SETTINGS_WRITE;PERMISSIONS.PLATFORM_CONFIG_READ;PERMISSIONS.PLATFORM_CONFIG_WRITE","","e2e/tests/developer-settings.spec.ts","NOT VERIFIED"
"PUT","/api/v1/settings/password-policy","settings","Backend_Fintech/src/app/modules/settings/routes/settings.routes.ts",true,"PERMISSIONS.SETTINGS_READ;PERMISSIONS.SETTINGS_WRITE;PERMISSIONS.PLATFORM_CONFIG_READ;PERMISSIONS.PLATFORM_CONFIG_WRITE","","e2e/tests/developer-settings.spec.ts","NOT VERIFIED"
"GET","/api/v1/settings/session","settings","Backend_Fintech/src/app/modules/settings/routes/settings.routes.ts",true,"PERMISSIONS.SETTINGS_READ;PERMISSIONS.SETTINGS_WRITE;PERMISSIONS.PLATFORM_CONFIG_READ;PERMISSIONS.PLATFORM_CONFIG_WRITE","","e2e/tests/developer-settings.spec.ts","NOT VERIFIED"
"PUT","/api/v1/settings/session","settings","Backend_Fintech/src/app/modules/settings/routes/settings.routes.ts",true,"PERMISSIONS.SETTINGS_READ;PERMISSIONS.SETTINGS_WRITE;PERMISSIONS.PLATFORM_CONFIG_READ;PERMISSIONS.PLATFORM_CONFIG_WRITE","","e2e/tests/developer-settings.spec.ts","NOT VERIFIED"
"GET","/api/v1/settings/notifications/me","settings","Backend_Fintech/src/app/modules/settings/routes/settings.routes.ts",true,"PERMISSIONS.SETTINGS_READ;PERMISSIONS.SETTINGS_WRITE;PERMISSIONS.PLATFORM_CONFIG_READ;PERMISSIONS.PLATFORM_CONFIG_WRITE","","e2e/tests/developer-settings.spec.ts","NOT VERIFIED"
"PUT","/api/v1/settings/notifications/me","settings","Backend_Fintech/src/app/modules/settings/routes/settings.routes.ts",true,"PERMISSIONS.SETTINGS_READ;PERMISSIONS.SETTINGS_WRITE;PERMISSIONS.PLATFORM_CONFIG_READ;PERMISSIONS.PLATFORM_CONFIG_WRITE","","e2e/tests/developer-settings.spec.ts","NOT VERIFIED"
"GET","/api/v1/settings/notifications/defaults","settings","Backend_Fintech/src/app/modules/settings/routes/settings.routes.ts",true,"PERMISSIONS.SETTINGS_READ;PERMISSIONS.SETTINGS_WRITE;PERMISSIONS.PLATFORM_CONFIG_READ;PERMISSIONS.PLATFORM_CONFIG_WRITE","","e2e/tests/developer-settings.spec.ts","NOT VERIFIED"
"PUT","/api/v1/settings/notifications/defaults","settings","Backend_Fintech/src/app/modules/settings/routes/settings.routes.ts",true,"PERMISSIONS.SETTINGS_READ;PERMISSIONS.SETTINGS_WRITE;PERMISSIONS.PLATFORM_CONFIG_READ;PERMISSIONS.PLATFORM_CONFIG_WRITE","","e2e/tests/developer-settings.spec.ts","NOT VERIFIED"
"GET","/api/v1/settings/configuration","settings","Backend_Fintech/src/app/modules/settings/routes/settings.routes.ts",true,"PERMISSIONS.SETTINGS_READ;PERMISSIONS.SETTINGS_WRITE;PERMISSIONS.PLATFORM_CONFIG_READ;PERMISSIONS.PLATFORM_CONFIG_WRITE","","e2e/tests/developer-settings.spec.ts","NOT VERIFIED"
"PUT","/api/v1/settings/configuration","settings","Backend_Fintech/src/app/modules/settings/routes/settings.routes.ts",true,"PERMISSIONS.SETTINGS_READ;PERMISSIONS.SETTINGS_WRITE;PERMISSIONS.PLATFORM_CONFIG_READ;PERMISSIONS.PLATFORM_CONFIG_WRITE","","e2e/tests/developer-settings.spec.ts","NOT VERIFIED"
"GET","/api/v1/settings/feature-flags","settings","Backend_Fintech/src/app/modules/settings/routes/settings.routes.ts",true,"PERMISSIONS.SETTINGS_READ;PERMISSIONS.SETTINGS_WRITE;PERMISSIONS.PLATFORM_CONFIG_READ;PERMISSIONS.PLATFORM_CONFIG_WRITE","","e2e/tests/developer-settings.spec.ts","NOT VERIFIED"
"POST","/api/v1/settings/feature-flags","settings","Backend_Fintech/src/app/modules/settings/routes/settings.routes.ts",true,"PERMISSIONS.SETTINGS_READ;PERMISSIONS.SETTINGS_WRITE;PERMISSIONS.PLATFORM_CONFIG_READ;PERMISSIONS.PLATFORM_CONFIG_WRITE","","e2e/tests/developer-settings.spec.ts","NOT VERIFIED"
"GET","/api/v1/settings/feature-flags/:id","settings","Backend_Fintech/src/app/modules/settings/routes/settings.routes.ts",true,"PERMISSIONS.SETTINGS_READ;PERMISSIONS.SETTINGS_WRITE;PERMISSIONS.PLATFORM_CONFIG_READ;PERMISSIONS.PLATFORM_CONFIG_WRITE","","e2e/tests/developer-settings.spec.ts","NOT VERIFIED"
"PUT","/api/v1/settings/feature-flags/:id","settings","Backend_Fintech/src/app/modules/settings/routes/settings.routes.ts",true,"PERMISSIONS.SETTINGS_READ;PERMISSIONS.SETTINGS_WRITE;PERMISSIONS.PLATFORM_CONFIG_READ;PERMISSIONS.PLATFORM_CONFIG_WRITE","","e2e/tests/developer-settings.spec.ts","NOT VERIFIED"
"DELETE","/api/v1/settings/feature-flags/:id","settings","Backend_Fintech/src/app/modules/settings/routes/settings.routes.ts",true,"PERMISSIONS.SETTINGS_READ;PERMISSIONS.SETTINGS_WRITE;PERMISSIONS.PLATFORM_CONFIG_READ;PERMISSIONS.PLATFORM_CONFIG_WRITE","","e2e/tests/developer-settings.spec.ts","NOT VERIFIED"
"GET","/api/v1/settings/api","settings","Backend_Fintech/src/app/modules/settings/routes/settings.routes.ts",true,"PERMISSIONS.SETTINGS_READ;PERMISSIONS.SETTINGS_WRITE;PERMISSIONS.PLATFORM_CONFIG_READ;PERMISSIONS.PLATFORM_CONFIG_WRITE","","e2e/tests/developer-settings.spec.ts","NOT VERIFIED"
"PUT","/api/v1/settings/api","settings","Backend_Fintech/src/app/modules/settings/routes/settings.routes.ts",true,"PERMISSIONS.SETTINGS_READ;PERMISSIONS.SETTINGS_WRITE;PERMISSIONS.PLATFORM_CONFIG_READ;PERMISSIONS.PLATFORM_CONFIG_WRITE","","e2e/tests/developer-settings.spec.ts","NOT VERIFIED"
"GET","/api/v1/settings/smtp","settings","Backend_Fintech/src/app/modules/settings/routes/settings.routes.ts",true,"PERMISSIONS.SETTINGS_READ;PERMISSIONS.SETTINGS_WRITE;PERMISSIONS.PLATFORM_CONFIG_READ;PERMISSIONS.PLATFORM_CONFIG_WRITE","","e2e/tests/developer-settings.spec.ts","NOT VERIFIED"
"PUT","/api/v1/settings/smtp","settings","Backend_Fintech/src/app/modules/settings/routes/settings.routes.ts",true,"PERMISSIONS.SETTINGS_READ;PERMISSIONS.SETTINGS_WRITE;PERMISSIONS.PLATFORM_CONFIG_READ;PERMISSIONS.PLATFORM_CONFIG_WRITE","","e2e/tests/developer-settings.spec.ts","NOT VERIFIED"
"GET","/api/v1/settings/storage","settings","Backend_Fintech/src/app/modules/settings/routes/settings.routes.ts",true,"PERMISSIONS.SETTINGS_READ;PERMISSIONS.SETTINGS_WRITE;PERMISSIONS.PLATFORM_CONFIG_READ;PERMISSIONS.PLATFORM_CONFIG_WRITE","","e2e/tests/developer-settings.spec.ts","NOT VERIFIED"
"PUT","/api/v1/settings/storage","settings","Backend_Fintech/src/app/modules/settings/routes/settings.routes.ts",true,"PERMISSIONS.SETTINGS_READ;PERMISSIONS.SETTINGS_WRITE;PERMISSIONS.PLATFORM_CONFIG_READ;PERMISSIONS.PLATFORM_CONFIG_WRITE","","e2e/tests/developer-settings.spec.ts","NOT VERIFIED"
"GET","/api/v1/settings/rate-limits","settings","Backend_Fintech/src/app/modules/settings/routes/settings.routes.ts",true,"PERMISSIONS.SETTINGS_READ;PERMISSIONS.SETTINGS_WRITE;PERMISSIONS.PLATFORM_CONFIG_READ;PERMISSIONS.PLATFORM_CONFIG_WRITE","","e2e/tests/developer-settings.spec.ts","NOT VERIFIED"
"PUT","/api/v1/settings/rate-limits","settings","Backend_Fintech/src/app/modules/settings/routes/settings.routes.ts",true,"PERMISSIONS.SETTINGS_READ;PERMISSIONS.SETTINGS_WRITE;PERMISSIONS.PLATFORM_CONFIG_READ;PERMISSIONS.PLATFORM_CONFIG_WRITE","","e2e/tests/developer-settings.spec.ts","NOT VERIFIED"
"PUT","/api/v1/settings/security/geo-login","settings","Backend_Fintech/src/app/modules/settings/routes/settings.routes.ts",true,"PERMISSIONS.SETTINGS_READ;PERMISSIONS.SETTINGS_WRITE;PERMISSIONS.PLATFORM_CONFIG_READ;PERMISSIONS.PLATFORM_CONFIG_WRITE","","e2e/tests/developer-settings.spec.ts","NOT VERIFIED"
"GET","/api/v1/settings/security/api-ip-restrictions","settings","Backend_Fintech/src/app/modules/settings/routes/settings.routes.ts",true,"PERMISSIONS.SETTINGS_READ;PERMISSIONS.SETTINGS_WRITE;PERMISSIONS.PLATFORM_CONFIG_READ;PERMISSIONS.PLATFORM_CONFIG_WRITE","","e2e/tests/developer-settings.spec.ts","NOT VERIFIED"
"PUT","/api/v1/settings/security/api-ip-restrictions","settings","Backend_Fintech/src/app/modules/settings/routes/settings.routes.ts",true,"PERMISSIONS.SETTINGS_READ;PERMISSIONS.SETTINGS_WRITE;PERMISSIONS.PLATFORM_CONFIG_READ;PERMISSIONS.PLATFORM_CONFIG_WRITE","","e2e/tests/developer-settings.spec.ts","NOT VERIFIED"
"GET","/api/v1/settlements/calendar","settlements","Backend_Fintech/src/app/modules/settlements/routes/settlement.routes.ts",true,"PERMISSIONS.SETTLEMENTS_READ;PERMISSIONS.SETTLEMENTS_WRITE;PERMISSIONS.SETTLEMENTS_EXPORT","","","NOT VERIFIED"
"GET","/api/v1/settlements/reserves","settlements","Backend_Fintech/src/app/modules/settlements/routes/settlement.routes.ts",true,"PERMISSIONS.SETTLEMENTS_READ;PERMISSIONS.SETTLEMENTS_WRITE;PERMISSIONS.SETTLEMENTS_EXPORT","","","NOT VERIFIED"
"POST","/api/v1/settlements/merchants/:merchantId/reserves","settlements","Backend_Fintech/src/app/modules/settlements/routes/settlement.routes.ts",true,"PERMISSIONS.SETTLEMENTS_READ;PERMISSIONS.SETTLEMENTS_WRITE;PERMISSIONS.SETTLEMENTS_EXPORT","","","NOT VERIFIED"
"GET","/api/v1/settlements/search","settlements","Backend_Fintech/src/app/modules/settlements/routes/settlement.routes.ts",true,"PERMISSIONS.SETTLEMENTS_READ;PERMISSIONS.SETTLEMENTS_WRITE;PERMISSIONS.SETTLEMENTS_EXPORT","","","NOT VERIFIED"
"GET","/api/v1/settlements/statistics","settlements","Backend_Fintech/src/app/modules/settlements/routes/settlement.routes.ts",true,"PERMISSIONS.SETTLEMENTS_READ;PERMISSIONS.SETTLEMENTS_WRITE;PERMISSIONS.SETTLEMENTS_EXPORT","","","NOT VERIFIED"
"GET","/api/v1/settlements/export","settlements","Backend_Fintech/src/app/modules/settlements/routes/settlement.routes.ts",true,"PERMISSIONS.SETTLEMENTS_READ;PERMISSIONS.SETTLEMENTS_WRITE;PERMISSIONS.SETTLEMENTS_EXPORT","","","NOT VERIFIED"
"GET","/api/v1/settlements/batches","settlements","Backend_Fintech/src/app/modules/settlements/routes/settlement.routes.ts",true,"PERMISSIONS.SETTLEMENTS_READ;PERMISSIONS.SETTLEMENTS_WRITE;PERMISSIONS.SETTLEMENTS_EXPORT","","","NOT VERIFIED"
"POST","/api/v1/settlements/batches","settlements","Backend_Fintech/src/app/modules/settlements/routes/settlement.routes.ts",true,"PERMISSIONS.SETTLEMENTS_READ;PERMISSIONS.SETTLEMENTS_WRITE;PERMISSIONS.SETTLEMENTS_EXPORT","","","NOT VERIFIED"
"GET","/api/v1/settlements/batches/:id","settlements","Backend_Fintech/src/app/modules/settlements/routes/settlement.routes.ts",true,"PERMISSIONS.SETTLEMENTS_READ;PERMISSIONS.SETTLEMENTS_WRITE;PERMISSIONS.SETTLEMENTS_EXPORT","","","NOT VERIFIED"
"GET","/api/v1/settlements/","settlements","Backend_Fintech/src/app/modules/settlements/routes/settlement.routes.ts",true,"PERMISSIONS.SETTLEMENTS_READ;PERMISSIONS.SETTLEMENTS_WRITE;PERMISSIONS.SETTLEMENTS_EXPORT","","","NOT VERIFIED"
"POST","/api/v1/settlements/","settlements","Backend_Fintech/src/app/modules/settlements/routes/settlement.routes.ts",true,"PERMISSIONS.SETTLEMENTS_READ;PERMISSIONS.SETTLEMENTS_WRITE;PERMISSIONS.SETTLEMENTS_EXPORT","","","NOT VERIFIED"
"GET","/api/v1/settlements/:id","settlements","Backend_Fintech/src/app/modules/settlements/routes/settlement.routes.ts",true,"PERMISSIONS.SETTLEMENTS_READ;PERMISSIONS.SETTLEMENTS_WRITE;PERMISSIONS.SETTLEMENTS_EXPORT","","","NOT VERIFIED"
"PATCH","/api/v1/settlements/:id/status","settlements","Backend_Fintech/src/app/modules/settlements/routes/settlement.routes.ts",true,"PERMISSIONS.SETTLEMENTS_READ;PERMISSIONS.SETTLEMENTS_WRITE;PERMISSIONS.SETTLEMENTS_EXPORT","","","NOT VERIFIED"
"GET","/api/v1/settlements/:id/transactions","settlements","Backend_Fintech/src/app/modules/settlements/routes/settlement.routes.ts",true,"PERMISSIONS.SETTLEMENTS_READ;PERMISSIONS.SETTLEMENTS_WRITE;PERMISSIONS.SETTLEMENTS_EXPORT","","","NOT VERIFIED"
"POST","/api/v1/settlements/:id/hold","settlements","Backend_Fintech/src/app/modules/settlements/routes/settlement.routes.ts",true,"PERMISSIONS.SETTLEMENTS_READ;PERMISSIONS.SETTLEMENTS_WRITE;PERMISSIONS.SETTLEMENTS_EXPORT","","","NOT VERIFIED"
"POST","/api/v1/settlements/:id/release","settlements","Backend_Fintech/src/app/modules/settlements/routes/settlement.routes.ts",true,"PERMISSIONS.SETTLEMENTS_READ;PERMISSIONS.SETTLEMENTS_WRITE;PERMISSIONS.SETTLEMENTS_EXPORT","","","NOT VERIFIED"
"POST","/api/v1/settlements/:id/retry","settlements","Backend_Fintech/src/app/modules/settlements/routes/settlement.routes.ts",true,"PERMISSIONS.SETTLEMENTS_READ;PERMISSIONS.SETTLEMENTS_WRITE;PERMISSIONS.SETTLEMENTS_EXPORT","","","NOT VERIFIED"
"POST","/api/v1/settlements/:id/reversal","settlements","Backend_Fintech/src/app/modules/settlements/routes/settlement.routes.ts",true,"PERMISSIONS.SETTLEMENTS_READ;PERMISSIONS.SETTLEMENTS_WRITE;PERMISSIONS.SETTLEMENTS_EXPORT","","","NOT VERIFIED"
"GET","/api/v1/smart-collect/dashboard","smart-collect","Backend_Fintech/src/app/modules/smart-collect/routes/smart-collect.routes.ts",true,"PERMISSIONS.SMART_COLLECT_READ;PERMISSIONS.SMART_COLLECT_WRITE","","","NOT VERIFIED"
"GET","/api/v1/smart-collect/virtual-accounts","smart-collect","Backend_Fintech/src/app/modules/smart-collect/routes/smart-collect.routes.ts",true,"PERMISSIONS.SMART_COLLECT_READ;PERMISSIONS.SMART_COLLECT_WRITE","","","NOT VERIFIED"
"POST","/api/v1/smart-collect/virtual-accounts","smart-collect","Backend_Fintech/src/app/modules/smart-collect/routes/smart-collect.routes.ts",true,"PERMISSIONS.SMART_COLLECT_READ;PERMISSIONS.SMART_COLLECT_WRITE","","","NOT VERIFIED"
"GET","/api/v1/smart-collect/virtual-accounts/:id","smart-collect","Backend_Fintech/src/app/modules/smart-collect/routes/smart-collect.routes.ts",true,"PERMISSIONS.SMART_COLLECT_READ;PERMISSIONS.SMART_COLLECT_WRITE","","","NOT VERIFIED"
"GET","/api/v1/smart-collect/collections","smart-collect","Backend_Fintech/src/app/modules/smart-collect/routes/smart-collect.routes.ts",true,"PERMISSIONS.SMART_COLLECT_READ;PERMISSIONS.SMART_COLLECT_WRITE","","","NOT VERIFIED"
"GET","/api/v1/smart-collect/collections/:id","smart-collect","Backend_Fintech/src/app/modules/smart-collect/routes/smart-collect.routes.ts",true,"PERMISSIONS.SMART_COLLECT_READ;PERMISSIONS.SMART_COLLECT_WRITE","","","NOT VERIFIED"
"POST","/api/v1/smart-collect/collections/:id/match","smart-collect","Backend_Fintech/src/app/modules/smart-collect/routes/smart-collect.routes.ts",true,"PERMISSIONS.SMART_COLLECT_READ;PERMISSIONS.SMART_COLLECT_WRITE","","","NOT VERIFIED"
"GET","/api/v1/subscriptions/statistics","subscriptions","Backend_Fintech/src/app/modules/subscriptions/routes/subscription.routes.ts",true,"PERMISSIONS.SUBSCRIPTIONS_READ;PERMISSIONS.SUBSCRIPTIONS_WRITE;PERMISSIONS.SUBSCRIPTIONS_MANAGE","Backend_Fintech/src/__tests__/integration/subscriptions-invoices.integration.test.ts","e2e/tests/subscriptions.spec.ts","partial-verified"
"GET","/api/v1/subscriptions/analytics","subscriptions","Backend_Fintech/src/app/modules/subscriptions/routes/subscription.routes.ts",true,"PERMISSIONS.SUBSCRIPTIONS_READ;PERMISSIONS.SUBSCRIPTIONS_WRITE;PERMISSIONS.SUBSCRIPTIONS_MANAGE","Backend_Fintech/src/__tests__/integration/subscriptions-invoices.integration.test.ts","e2e/tests/subscriptions.spec.ts","partial-verified"
"GET","/api/v1/subscriptions/dunning","subscriptions","Backend_Fintech/src/app/modules/subscriptions/routes/subscription.routes.ts",true,"PERMISSIONS.SUBSCRIPTIONS_READ;PERMISSIONS.SUBSCRIPTIONS_WRITE;PERMISSIONS.SUBSCRIPTIONS_MANAGE","Backend_Fintech/src/__tests__/integration/subscriptions-invoices.integration.test.ts","e2e/tests/subscriptions.spec.ts","partial-verified"
"GET","/api/v1/subscriptions/mandates","subscriptions","Backend_Fintech/src/app/modules/subscriptions/routes/subscription.routes.ts",true,"PERMISSIONS.SUBSCRIPTIONS_READ;PERMISSIONS.SUBSCRIPTIONS_WRITE;PERMISSIONS.SUBSCRIPTIONS_MANAGE","Backend_Fintech/src/__tests__/integration/subscriptions-invoices.integration.test.ts","e2e/tests/subscriptions.spec.ts","partial-verified"
"GET","/api/v1/subscriptions/plans","subscriptions","Backend_Fintech/src/app/modules/subscriptions/routes/subscription.routes.ts",true,"PERMISSIONS.SUBSCRIPTIONS_READ;PERMISSIONS.SUBSCRIPTIONS_WRITE;PERMISSIONS.SUBSCRIPTIONS_MANAGE","Backend_Fintech/src/__tests__/integration/subscriptions-invoices.integration.test.ts","e2e/tests/subscriptions.spec.ts","partial-verified"
"POST","/api/v1/subscriptions/plans","subscriptions","Backend_Fintech/src/app/modules/subscriptions/routes/subscription.routes.ts",true,"PERMISSIONS.SUBSCRIPTIONS_READ;PERMISSIONS.SUBSCRIPTIONS_WRITE;PERMISSIONS.SUBSCRIPTIONS_MANAGE","Backend_Fintech/src/__tests__/integration/subscriptions-invoices.integration.test.ts","e2e/tests/subscriptions.spec.ts","partial-verified"
"GET","/api/v1/subscriptions/","subscriptions","Backend_Fintech/src/app/modules/subscriptions/routes/subscription.routes.ts",true,"PERMISSIONS.SUBSCRIPTIONS_READ;PERMISSIONS.SUBSCRIPTIONS_WRITE;PERMISSIONS.SUBSCRIPTIONS_MANAGE","Backend_Fintech/src/__tests__/integration/subscriptions-invoices.integration.test.ts","e2e/tests/subscriptions.spec.ts","partial-verified"
"POST","/api/v1/subscriptions/","subscriptions","Backend_Fintech/src/app/modules/subscriptions/routes/subscription.routes.ts",true,"PERMISSIONS.SUBSCRIPTIONS_READ;PERMISSIONS.SUBSCRIPTIONS_WRITE;PERMISSIONS.SUBSCRIPTIONS_MANAGE","Backend_Fintech/src/__tests__/integration/subscriptions-invoices.integration.test.ts","e2e/tests/subscriptions.spec.ts","partial-verified"
"POST","/api/v1/subscriptions/:id/pause","subscriptions","Backend_Fintech/src/app/modules/subscriptions/routes/subscription.routes.ts",true,"PERMISSIONS.SUBSCRIPTIONS_READ;PERMISSIONS.SUBSCRIPTIONS_WRITE;PERMISSIONS.SUBSCRIPTIONS_MANAGE","Backend_Fintech/src/__tests__/integration/subscriptions-invoices.integration.test.ts","e2e/tests/subscriptions.spec.ts","partial-verified"
"POST","/api/v1/subscriptions/:id/resume","subscriptions","Backend_Fintech/src/app/modules/subscriptions/routes/subscription.routes.ts",true,"PERMISSIONS.SUBSCRIPTIONS_READ;PERMISSIONS.SUBSCRIPTIONS_WRITE;PERMISSIONS.SUBSCRIPTIONS_MANAGE","Backend_Fintech/src/__tests__/integration/subscriptions-invoices.integration.test.ts","e2e/tests/subscriptions.spec.ts","partial-verified"
"POST","/api/v1/subscriptions/:id/upgrade","subscriptions","Backend_Fintech/src/app/modules/subscriptions/routes/subscription.routes.ts",true,"PERMISSIONS.SUBSCRIPTIONS_READ;PERMISSIONS.SUBSCRIPTIONS_WRITE;PERMISSIONS.SUBSCRIPTIONS_MANAGE","Backend_Fintech/src/__tests__/integration/subscriptions-invoices.integration.test.ts","e2e/tests/subscriptions.spec.ts","partial-verified"
"POST","/api/v1/subscriptions/:id/downgrade","subscriptions","Backend_Fintech/src/app/modules/subscriptions/routes/subscription.routes.ts",true,"PERMISSIONS.SUBSCRIPTIONS_READ;PERMISSIONS.SUBSCRIPTIONS_WRITE;PERMISSIONS.SUBSCRIPTIONS_MANAGE","Backend_Fintech/src/__tests__/integration/subscriptions-invoices.integration.test.ts","e2e/tests/subscriptions.spec.ts","partial-verified"
"POST","/api/v1/subscriptions/:id/cancel","subscriptions","Backend_Fintech/src/app/modules/subscriptions/routes/subscription.routes.ts",true,"PERMISSIONS.SUBSCRIPTIONS_READ;PERMISSIONS.SUBSCRIPTIONS_WRITE;PERMISSIONS.SUBSCRIPTIONS_MANAGE","Backend_Fintech/src/__tests__/integration/subscriptions-invoices.integration.test.ts","e2e/tests/subscriptions.spec.ts","partial-verified"
"POST","/api/v1/subscriptions/:id/renew","subscriptions","Backend_Fintech/src/app/modules/subscriptions/routes/subscription.routes.ts",true,"PERMISSIONS.SUBSCRIPTIONS_READ;PERMISSIONS.SUBSCRIPTIONS_WRITE;PERMISSIONS.SUBSCRIPTIONS_MANAGE","Backend_Fintech/src/__tests__/integration/subscriptions-invoices.integration.test.ts","e2e/tests/subscriptions.spec.ts","partial-verified"
"POST","/api/v1/subscriptions/:id/fail","subscriptions","Backend_Fintech/src/app/modules/subscriptions/routes/subscription.routes.ts",true,"PERMISSIONS.SUBSCRIPTIONS_READ;PERMISSIONS.SUBSCRIPTIONS_WRITE;PERMISSIONS.SUBSCRIPTIONS_MANAGE","Backend_Fintech/src/__tests__/integration/subscriptions-invoices.integration.test.ts","e2e/tests/subscriptions.spec.ts","partial-verified"
"GET","/api/v1/subscriptions/:id","subscriptions","Backend_Fintech/src/app/modules/subscriptions/routes/subscription.routes.ts",true,"PERMISSIONS.SUBSCRIPTIONS_READ;PERMISSIONS.SUBSCRIPTIONS_WRITE;PERMISSIONS.SUBSCRIPTIONS_MANAGE","Backend_Fintech/src/__tests__/integration/subscriptions-invoices.integration.test.ts","e2e/tests/subscriptions.spec.ts","partial-verified"
"GET","/api/v1/support/statistics","support","Backend_Fintech/src/app/modules/support/routes/support.routes.ts",true,"PERMISSIONS.SUPPORT_READ;PERMISSIONS.SUPPORT_WRITE;PERMISSIONS.SUPPORT_MANAGE","Backend_Fintech/src/__tests__/integration/webhooks-workers.integration.test.ts","e2e/tests/rbac.spec.ts","partial-verified"
"GET","/api/v1/support/","support","Backend_Fintech/src/app/modules/support/routes/support.routes.ts",true,"PERMISSIONS.SUPPORT_READ;PERMISSIONS.SUPPORT_WRITE;PERMISSIONS.SUPPORT_MANAGE","Backend_Fintech/src/__tests__/integration/webhooks-workers.integration.test.ts","e2e/tests/rbac.spec.ts","partial-verified"
"POST","/api/v1/support/","support","Backend_Fintech/src/app/modules/support/routes/support.routes.ts",true,"PERMISSIONS.SUPPORT_READ;PERMISSIONS.SUPPORT_WRITE;PERMISSIONS.SUPPORT_MANAGE","Backend_Fintech/src/__tests__/integration/webhooks-workers.integration.test.ts","e2e/tests/rbac.spec.ts","partial-verified"
"GET","/api/v1/support/:id","support","Backend_Fintech/src/app/modules/support/routes/support.routes.ts",true,"PERMISSIONS.SUPPORT_READ;PERMISSIONS.SUPPORT_WRITE;PERMISSIONS.SUPPORT_MANAGE","Backend_Fintech/src/__tests__/integration/webhooks-workers.integration.test.ts","e2e/tests/rbac.spec.ts","partial-verified"
"PUT","/api/v1/support/:id","support","Backend_Fintech/src/app/modules/support/routes/support.routes.ts",true,"PERMISSIONS.SUPPORT_READ;PERMISSIONS.SUPPORT_WRITE;PERMISSIONS.SUPPORT_MANAGE","Backend_Fintech/src/__tests__/integration/webhooks-workers.integration.test.ts","e2e/tests/rbac.spec.ts","partial-verified"
"POST","/api/v1/support/:id/assign","support","Backend_Fintech/src/app/modules/support/routes/support.routes.ts",true,"PERMISSIONS.SUPPORT_READ;PERMISSIONS.SUPPORT_WRITE;PERMISSIONS.SUPPORT_MANAGE","Backend_Fintech/src/__tests__/integration/webhooks-workers.integration.test.ts","e2e/tests/rbac.spec.ts","partial-verified"
"POST","/api/v1/support/:id/reassign","support","Backend_Fintech/src/app/modules/support/routes/support.routes.ts",true,"PERMISSIONS.SUPPORT_READ;PERMISSIONS.SUPPORT_WRITE;PERMISSIONS.SUPPORT_MANAGE","Backend_Fintech/src/__tests__/integration/webhooks-workers.integration.test.ts","e2e/tests/rbac.spec.ts","partial-verified"
"POST","/api/v1/support/:id/escalate","support","Backend_Fintech/src/app/modules/support/routes/support.routes.ts",true,"PERMISSIONS.SUPPORT_READ;PERMISSIONS.SUPPORT_WRITE;PERMISSIONS.SUPPORT_MANAGE","Backend_Fintech/src/__tests__/integration/webhooks-workers.integration.test.ts","e2e/tests/rbac.spec.ts","partial-verified"
"POST","/api/v1/support/:id/close","support","Backend_Fintech/src/app/modules/support/routes/support.routes.ts",true,"PERMISSIONS.SUPPORT_READ;PERMISSIONS.SUPPORT_WRITE;PERMISSIONS.SUPPORT_MANAGE","Backend_Fintech/src/__tests__/integration/webhooks-workers.integration.test.ts","e2e/tests/rbac.spec.ts","partial-verified"
"POST","/api/v1/support/:id/reopen","support","Backend_Fintech/src/app/modules/support/routes/support.routes.ts",true,"PERMISSIONS.SUPPORT_READ;PERMISSIONS.SUPPORT_WRITE;PERMISSIONS.SUPPORT_MANAGE","Backend_Fintech/src/__tests__/integration/webhooks-workers.integration.test.ts","e2e/tests/rbac.spec.ts","partial-verified"
"POST","/api/v1/support/:id/notes","support","Backend_Fintech/src/app/modules/support/routes/support.routes.ts",true,"PERMISSIONS.SUPPORT_READ;PERMISSIONS.SUPPORT_WRITE;PERMISSIONS.SUPPORT_MANAGE","Backend_Fintech/src/__tests__/integration/webhooks-workers.integration.test.ts","e2e/tests/rbac.spec.ts","partial-verified"
"POST","/api/v1/support/:id/attachments","support","Backend_Fintech/src/app/modules/support/routes/support.routes.ts",true,"PERMISSIONS.SUPPORT_READ;PERMISSIONS.SUPPORT_WRITE;PERMISSIONS.SUPPORT_MANAGE","Backend_Fintech/src/__tests__/integration/webhooks-workers.integration.test.ts","e2e/tests/rbac.spec.ts","partial-verified"
"GET","/api/v1/system/admin/status","system","Backend_Fintech/src/app/modules/system/routes/system.routes.ts",true,"PERMISSIONS.SYSTEM_VIEW","Backend_Fintech/src/__tests__/integration/notifications.integration.test.ts","","partial-verified"
"GET","/api/v1/system/health","system","Backend_Fintech/src/app/modules/system/routes/system.routes.ts",true,"PERMISSIONS.SYSTEM_VIEW","Backend_Fintech/src/__tests__/integration/notifications.integration.test.ts","","partial-verified"
"GET","/api/v1/system/liveness","system","Backend_Fintech/src/app/modules/system/routes/system.routes.ts",true,"PERMISSIONS.SYSTEM_VIEW","Backend_Fintech/src/__tests__/integration/notifications.integration.test.ts","","partial-verified"
"GET","/api/v1/system/readiness","system","Backend_Fintech/src/app/modules/system/routes/system.routes.ts",true,"PERMISSIONS.SYSTEM_VIEW","Backend_Fintech/src/__tests__/integration/notifications.integration.test.ts","","partial-verified"
"GET","/api/v1/system/metrics","system","Backend_Fintech/src/app/modules/system/routes/system.routes.ts",true,"PERMISSIONS.SYSTEM_VIEW","Backend_Fintech/src/__tests__/integration/notifications.integration.test.ts","","partial-verified"
"GET","/api/v1/system/version","system","Backend_Fintech/src/app/modules/system/routes/system.routes.ts",true,"PERMISSIONS.SYSTEM_VIEW","Backend_Fintech/src/__tests__/integration/notifications.integration.test.ts","","partial-verified"
"GET","/api/v1/system/cache-config","system","Backend_Fintech/src/app/modules/system/routes/system.routes.ts",true,"PERMISSIONS.SYSTEM_VIEW","Backend_Fintech/src/__tests__/integration/notifications.integration.test.ts","","partial-verified"
"PUT","/api/v1/system/cache-config/:id","system","Backend_Fintech/src/app/modules/system/routes/system.routes.ts",true,"PERMISSIONS.SYSTEM_VIEW","Backend_Fintech/src/__tests__/integration/notifications.integration.test.ts","","partial-verified"
"GET","/api/v1/system/backup-config","system","Backend_Fintech/src/app/modules/system/routes/system.routes.ts",true,"PERMISSIONS.SYSTEM_VIEW","Backend_Fintech/src/__tests__/integration/notifications.integration.test.ts","","partial-verified"
"PUT","/api/v1/system/backup-config/:id","system","Backend_Fintech/src/app/modules/system/routes/system.routes.ts",true,"PERMISSIONS.SYSTEM_VIEW","Backend_Fintech/src/__tests__/integration/notifications.integration.test.ts","","partial-verified"
"GET","/api/v1/system/jobs/history","system","Backend_Fintech/src/app/modules/system/routes/system.routes.ts",true,"PERMISSIONS.SYSTEM_VIEW","Backend_Fintech/src/__tests__/integration/notifications.integration.test.ts","","partial-verified"
"GET","/api/v1/system/performance","system","Backend_Fintech/src/app/modules/system/routes/system.routes.ts",true,"PERMISSIONS.SYSTEM_VIEW","Backend_Fintech/src/__tests__/integration/notifications.integration.test.ts","","partial-verified"
"GET","/api/v1/transactions/search","transactions","Backend_Fintech/src/app/modules/transactions/routes/transaction.routes.ts",true,"PERMISSIONS.TRANSACTIONS_READ;PERMISSIONS.TRANSACTIONS_EXPORT;PERMISSIONS.CHARGEBACKS_READ;PERMISSIONS.CHARGEBACKS_WRITE;PERMISSIONS.TRANSACTIONS_WRITE;PERMISSIONS.REFUNDS_WRITE","Backend_Fintech/src/__tests__/integration/payment-transactions.integration.test.ts","e2e/tests/payments.spec.ts;e2e/tests/rbac.spec.ts","partial-verified"
"GET","/api/v1/transactions/statistics","transactions","Backend_Fintech/src/app/modules/transactions/routes/transaction.routes.ts",true,"PERMISSIONS.TRANSACTIONS_READ;PERMISSIONS.TRANSACTIONS_EXPORT;PERMISSIONS.CHARGEBACKS_READ;PERMISSIONS.CHARGEBACKS_WRITE;PERMISSIONS.TRANSACTIONS_WRITE;PERMISSIONS.REFUNDS_WRITE","Backend_Fintech/src/__tests__/integration/payment-transactions.integration.test.ts","e2e/tests/payments.spec.ts;e2e/tests/rbac.spec.ts","partial-verified"
"GET","/api/v1/transactions/export","transactions","Backend_Fintech/src/app/modules/transactions/routes/transaction.routes.ts",true,"PERMISSIONS.TRANSACTIONS_READ;PERMISSIONS.TRANSACTIONS_EXPORT;PERMISSIONS.CHARGEBACKS_READ;PERMISSIONS.CHARGEBACKS_WRITE;PERMISSIONS.TRANSACTIONS_WRITE;PERMISSIONS.REFUNDS_WRITE","Backend_Fintech/src/__tests__/integration/payment-transactions.integration.test.ts","e2e/tests/payments.spec.ts;e2e/tests/rbac.spec.ts","partial-verified"
"GET","/api/v1/transactions/disputes","transactions","Backend_Fintech/src/app/modules/transactions/routes/transaction.routes.ts",true,"PERMISSIONS.TRANSACTIONS_READ;PERMISSIONS.TRANSACTIONS_EXPORT;PERMISSIONS.CHARGEBACKS_READ;PERMISSIONS.CHARGEBACKS_WRITE;PERMISSIONS.TRANSACTIONS_WRITE;PERMISSIONS.REFUNDS_WRITE","Backend_Fintech/src/__tests__/integration/payment-transactions.integration.test.ts","e2e/tests/payments.spec.ts;e2e/tests/rbac.spec.ts","partial-verified"
"POST","/api/v1/transactions/disputes","transactions","Backend_Fintech/src/app/modules/transactions/routes/transaction.routes.ts",true,"PERMISSIONS.TRANSACTIONS_READ;PERMISSIONS.TRANSACTIONS_EXPORT;PERMISSIONS.CHARGEBACKS_READ;PERMISSIONS.CHARGEBACKS_WRITE;PERMISSIONS.TRANSACTIONS_WRITE;PERMISSIONS.REFUNDS_WRITE","Backend_Fintech/src/__tests__/integration/payment-transactions.integration.test.ts","e2e/tests/payments.spec.ts;e2e/tests/rbac.spec.ts","partial-verified"
"GET","/api/v1/transactions/","transactions","Backend_Fintech/src/app/modules/transactions/routes/transaction.routes.ts",true,"PERMISSIONS.TRANSACTIONS_READ;PERMISSIONS.TRANSACTIONS_EXPORT;PERMISSIONS.CHARGEBACKS_READ;PERMISSIONS.CHARGEBACKS_WRITE;PERMISSIONS.TRANSACTIONS_WRITE;PERMISSIONS.REFUNDS_WRITE","Backend_Fintech/src/__tests__/integration/payment-transactions.integration.test.ts","e2e/tests/payments.spec.ts;e2e/tests/rbac.spec.ts","partial-verified"
"POST","/api/v1/transactions/","transactions","Backend_Fintech/src/app/modules/transactions/routes/transaction.routes.ts",true,"PERMISSIONS.TRANSACTIONS_READ;PERMISSIONS.TRANSACTIONS_EXPORT;PERMISSIONS.CHARGEBACKS_READ;PERMISSIONS.CHARGEBACKS_WRITE;PERMISSIONS.TRANSACTIONS_WRITE;PERMISSIONS.REFUNDS_WRITE","Backend_Fintech/src/__tests__/integration/payment-transactions.integration.test.ts","e2e/tests/payments.spec.ts;e2e/tests/rbac.spec.ts","partial-verified"
"GET","/api/v1/transactions/:id","transactions","Backend_Fintech/src/app/modules/transactions/routes/transaction.routes.ts",true,"PERMISSIONS.TRANSACTIONS_READ;PERMISSIONS.TRANSACTIONS_EXPORT;PERMISSIONS.CHARGEBACKS_READ;PERMISSIONS.CHARGEBACKS_WRITE;PERMISSIONS.TRANSACTIONS_WRITE;PERMISSIONS.REFUNDS_WRITE","Backend_Fintech/src/__tests__/integration/payment-transactions.integration.test.ts","e2e/tests/payments.spec.ts;e2e/tests/rbac.spec.ts","partial-verified"
"PATCH","/api/v1/transactions/:id/status","transactions","Backend_Fintech/src/app/modules/transactions/routes/transaction.routes.ts",true,"PERMISSIONS.TRANSACTIONS_READ;PERMISSIONS.TRANSACTIONS_EXPORT;PERMISSIONS.CHARGEBACKS_READ;PERMISSIONS.CHARGEBACKS_WRITE;PERMISSIONS.TRANSACTIONS_WRITE;PERMISSIONS.REFUNDS_WRITE","Backend_Fintech/src/__tests__/integration/payment-transactions.integration.test.ts","e2e/tests/payments.spec.ts;e2e/tests/rbac.spec.ts","partial-verified"
"POST","/api/v1/transactions/:id/refund","transactions","Backend_Fintech/src/app/modules/transactions/routes/transaction.routes.ts",true,"PERMISSIONS.TRANSACTIONS_READ;PERMISSIONS.TRANSACTIONS_EXPORT;PERMISSIONS.CHARGEBACKS_READ;PERMISSIONS.CHARGEBACKS_WRITE;PERMISSIONS.TRANSACTIONS_WRITE;PERMISSIONS.REFUNDS_WRITE","Backend_Fintech/src/__tests__/integration/payment-transactions.integration.test.ts","e2e/tests/payments.spec.ts;e2e/tests/rbac.spec.ts","partial-verified"
"GET","/api/v1/users/","users","Backend_Fintech/src/app/modules/users/routes/user.routes.ts",true,"PERMISSIONS.USERS_READ;PERMISSIONS.USERS_WRITE;PERMISSIONS.USERS_DELETE","Backend_Fintech/src/__tests__/integration/auth.integration.test.ts;Backend_Fintech/src/__tests__/integration/users.integration.test.ts","e2e/tests/auth.spec.ts;e2e/tests/merchants.spec.ts;e2e/tests/rbac.spec.ts;e2e/tests/reports.spec.ts;e2e/tests/users.spec.ts","partial-verified"
"POST","/api/v1/users/","users","Backend_Fintech/src/app/modules/users/routes/user.routes.ts",true,"PERMISSIONS.USERS_READ;PERMISSIONS.USERS_WRITE;PERMISSIONS.USERS_DELETE","Backend_Fintech/src/__tests__/integration/auth.integration.test.ts;Backend_Fintech/src/__tests__/integration/users.integration.test.ts","e2e/tests/auth.spec.ts;e2e/tests/merchants.spec.ts;e2e/tests/rbac.spec.ts;e2e/tests/reports.spec.ts;e2e/tests/users.spec.ts","partial-verified"
"GET","/api/v1/users/:id","users","Backend_Fintech/src/app/modules/users/routes/user.routes.ts",true,"PERMISSIONS.USERS_READ;PERMISSIONS.USERS_WRITE;PERMISSIONS.USERS_DELETE","Backend_Fintech/src/__tests__/integration/auth.integration.test.ts;Backend_Fintech/src/__tests__/integration/users.integration.test.ts","e2e/tests/auth.spec.ts;e2e/tests/merchants.spec.ts;e2e/tests/rbac.spec.ts;e2e/tests/reports.spec.ts;e2e/tests/users.spec.ts","partial-verified"
"PUT","/api/v1/users/:id","users","Backend_Fintech/src/app/modules/users/routes/user.routes.ts",true,"PERMISSIONS.USERS_READ;PERMISSIONS.USERS_WRITE;PERMISSIONS.USERS_DELETE","Backend_Fintech/src/__tests__/integration/auth.integration.test.ts;Backend_Fintech/src/__tests__/integration/users.integration.test.ts","e2e/tests/auth.spec.ts;e2e/tests/merchants.spec.ts;e2e/tests/rbac.spec.ts;e2e/tests/reports.spec.ts;e2e/tests/users.spec.ts","partial-verified"
"PATCH","/api/v1/users/:id/status","users","Backend_Fintech/src/app/modules/users/routes/user.routes.ts",true,"PERMISSIONS.USERS_READ;PERMISSIONS.USERS_WRITE;PERMISSIONS.USERS_DELETE","Backend_Fintech/src/__tests__/integration/auth.integration.test.ts;Backend_Fintech/src/__tests__/integration/users.integration.test.ts","e2e/tests/auth.spec.ts;e2e/tests/merchants.spec.ts;e2e/tests/rbac.spec.ts;e2e/tests/reports.spec.ts;e2e/tests/users.spec.ts","partial-verified"
"DELETE","/api/v1/users/:id","users","Backend_Fintech/src/app/modules/users/routes/user.routes.ts",true,"PERMISSIONS.USERS_READ;PERMISSIONS.USERS_WRITE;PERMISSIONS.USERS_DELETE","Backend_Fintech/src/__tests__/integration/auth.integration.test.ts;Backend_Fintech/src/__tests__/integration/users.integration.test.ts","e2e/tests/auth.spec.ts;e2e/tests/merchants.spec.ts;e2e/tests/rbac.spec.ts;e2e/tests/reports.spec.ts;e2e/tests/users.spec.ts","partial-verified"
"PUT","/api/v1/users/:id/roles","users","Backend_Fintech/src/app/modules/users/routes/user.routes.ts",true,"PERMISSIONS.USERS_READ;PERMISSIONS.USERS_WRITE;PERMISSIONS.USERS_DELETE","Backend_Fintech/src/__tests__/integration/auth.integration.test.ts;Backend_Fintech/src/__tests__/integration/users.integration.test.ts","e2e/tests/auth.spec.ts;e2e/tests/merchants.spec.ts;e2e/tests/rbac.spec.ts;e2e/tests/reports.spec.ts;e2e/tests/users.spec.ts","partial-verified"
"GET","/api/v1/webhooks/dashboard","webhooks","Backend_Fintech/src/app/modules/webhooks/routes/webhooks.routes.ts",true,"PERMISSIONS.WEBHOOKS_READ;PERMISSIONS.WEBHOOKS_WRITE;PERMISSIONS.WEBHOOKS_MANAGE","Backend_Fintech/src/__tests__/integration/concurrency.integration.test.ts;Backend_Fintech/src/__tests__/integration/webhooks-workers.integration.test.ts","e2e/tests/webhooks.spec.ts","partial-verified"
"GET","/api/v1/webhooks/endpoints","webhooks","Backend_Fintech/src/app/modules/webhooks/routes/webhooks.routes.ts",true,"PERMISSIONS.WEBHOOKS_READ;PERMISSIONS.WEBHOOKS_WRITE;PERMISSIONS.WEBHOOKS_MANAGE","Backend_Fintech/src/__tests__/integration/concurrency.integration.test.ts;Backend_Fintech/src/__tests__/integration/webhooks-workers.integration.test.ts","e2e/tests/webhooks.spec.ts","partial-verified"
"POST","/api/v1/webhooks/endpoints","webhooks","Backend_Fintech/src/app/modules/webhooks/routes/webhooks.routes.ts",true,"PERMISSIONS.WEBHOOKS_READ;PERMISSIONS.WEBHOOKS_WRITE;PERMISSIONS.WEBHOOKS_MANAGE","Backend_Fintech/src/__tests__/integration/concurrency.integration.test.ts;Backend_Fintech/src/__tests__/integration/webhooks-workers.integration.test.ts","e2e/tests/webhooks.spec.ts","partial-verified"
"GET","/api/v1/webhooks/endpoints/:id","webhooks","Backend_Fintech/src/app/modules/webhooks/routes/webhooks.routes.ts",true,"PERMISSIONS.WEBHOOKS_READ;PERMISSIONS.WEBHOOKS_WRITE;PERMISSIONS.WEBHOOKS_MANAGE","Backend_Fintech/src/__tests__/integration/concurrency.integration.test.ts;Backend_Fintech/src/__tests__/integration/webhooks-workers.integration.test.ts","e2e/tests/webhooks.spec.ts","partial-verified"
"PUT","/api/v1/webhooks/endpoints/:id","webhooks","Backend_Fintech/src/app/modules/webhooks/routes/webhooks.routes.ts",true,"PERMISSIONS.WEBHOOKS_READ;PERMISSIONS.WEBHOOKS_WRITE;PERMISSIONS.WEBHOOKS_MANAGE","Backend_Fintech/src/__tests__/integration/concurrency.integration.test.ts;Backend_Fintech/src/__tests__/integration/webhooks-workers.integration.test.ts","e2e/tests/webhooks.spec.ts","partial-verified"
"DELETE","/api/v1/webhooks/endpoints/:id","webhooks","Backend_Fintech/src/app/modules/webhooks/routes/webhooks.routes.ts",true,"PERMISSIONS.WEBHOOKS_READ;PERMISSIONS.WEBHOOKS_WRITE;PERMISSIONS.WEBHOOKS_MANAGE","Backend_Fintech/src/__tests__/integration/concurrency.integration.test.ts;Backend_Fintech/src/__tests__/integration/webhooks-workers.integration.test.ts","e2e/tests/webhooks.spec.ts","partial-verified"
"POST","/api/v1/webhooks/endpoints/:id/subscriptions","webhooks","Backend_Fintech/src/app/modules/webhooks/routes/webhooks.routes.ts",true,"PERMISSIONS.WEBHOOKS_READ;PERMISSIONS.WEBHOOKS_WRITE;PERMISSIONS.WEBHOOKS_MANAGE","Backend_Fintech/src/__tests__/integration/concurrency.integration.test.ts;Backend_Fintech/src/__tests__/integration/webhooks-workers.integration.test.ts","e2e/tests/webhooks.spec.ts","partial-verified"
"PUT","/api/v1/webhooks/endpoints/:id/subscriptions/:subId","webhooks","Backend_Fintech/src/app/modules/webhooks/routes/webhooks.routes.ts",true,"PERMISSIONS.WEBHOOKS_READ;PERMISSIONS.WEBHOOKS_WRITE;PERMISSIONS.WEBHOOKS_MANAGE","Backend_Fintech/src/__tests__/integration/concurrency.integration.test.ts;Backend_Fintech/src/__tests__/integration/webhooks-workers.integration.test.ts","e2e/tests/webhooks.spec.ts","partial-verified"
"DELETE","/api/v1/webhooks/endpoints/:id/subscriptions/:subId","webhooks","Backend_Fintech/src/app/modules/webhooks/routes/webhooks.routes.ts",true,"PERMISSIONS.WEBHOOKS_READ;PERMISSIONS.WEBHOOKS_WRITE;PERMISSIONS.WEBHOOKS_MANAGE","Backend_Fintech/src/__tests__/integration/concurrency.integration.test.ts;Backend_Fintech/src/__tests__/integration/webhooks-workers.integration.test.ts","e2e/tests/webhooks.spec.ts","partial-verified"
"GET","/api/v1/webhooks/deliveries","webhooks","Backend_Fintech/src/app/modules/webhooks/routes/webhooks.routes.ts",true,"PERMISSIONS.WEBHOOKS_READ;PERMISSIONS.WEBHOOKS_WRITE;PERMISSIONS.WEBHOOKS_MANAGE","Backend_Fintech/src/__tests__/integration/concurrency.integration.test.ts;Backend_Fintech/src/__tests__/integration/webhooks-workers.integration.test.ts","e2e/tests/webhooks.spec.ts","partial-verified"
"GET","/api/v1/webhooks/deliveries/:id","webhooks","Backend_Fintech/src/app/modules/webhooks/routes/webhooks.routes.ts",true,"PERMISSIONS.WEBHOOKS_READ;PERMISSIONS.WEBHOOKS_WRITE;PERMISSIONS.WEBHOOKS_MANAGE","Backend_Fintech/src/__tests__/integration/concurrency.integration.test.ts;Backend_Fintech/src/__tests__/integration/webhooks-workers.integration.test.ts","e2e/tests/webhooks.spec.ts","partial-verified"
"POST","/api/v1/webhooks/deliveries/:id/retry","webhooks","Backend_Fintech/src/app/modules/webhooks/routes/webhooks.routes.ts",true,"PERMISSIONS.WEBHOOKS_READ;PERMISSIONS.WEBHOOKS_WRITE;PERMISSIONS.WEBHOOKS_MANAGE","Backend_Fintech/src/__tests__/integration/concurrency.integration.test.ts;Backend_Fintech/src/__tests__/integration/webhooks-workers.integration.test.ts","e2e/tests/webhooks.spec.ts","partial-verified"
"GET","/api/live","system","Backend_Fintech/src/app/app.ts",false,"","Backend_Fintech/src/__tests__/integration/auth.integration.test.ts;Backend_Fintech/src/__tests__/integration/authorization.integration.test.ts;Backend_Fintech/src/__tests__/integration/chargebacks-refunds.integration.test.ts;Backend_Fintech/src/__tests__/integration/checkout.integration.test.ts;Backend_Fintech/src/__tests__/integration/concurrency.integration.test.ts;Backend_Fintech/src/__tests__/integration/database.integration.test.ts;Backend_Fintech/src/__tests__/integration/developer-sandbox.integration.test.ts;Backend_Fintech/src/__tests__/integration/merchants.integration.test.ts;Backend_Fintech/src/__tests__/integration/negative.integration.test.ts;Backend_Fintech/src/__tests__/integration/notifications.integration.test.ts;Backend_Fintech/src/__tests__/integration/payment-transactions.integration.test.ts;Backend_Fintech/src/__tests__/integration/payments.integration.test.ts;Backend_Fintech/src/__tests__/integration/qr-payment-links.integration.test.ts;Backend_Fintech/src/__tests__/integration/reports-audit.integration.test.ts;Backend_Fintech/src/__tests__/integration/subscriptions-invoices.integration.test.ts;Backend_Fintech/src/__tests__/integration/users.integration.test.ts;Backend_Fintech/src/__tests__/integration/webhooks-workers.integration.test.ts","e2e/tests/audit.spec.ts;e2e/tests/auth.spec.ts;e2e/tests/chargebacks.spec.ts;e2e/tests/checkout.spec.ts;e2e/tests/developer-settings.spec.ts;e2e/tests/errors.spec.ts;e2e/tests/merchants.spec.ts;e2e/tests/payment-links.spec.ts;e2e/tests/payments.spec.ts;e2e/tests/qr-payments.spec.ts;e2e/tests/rbac.spec.ts;e2e/tests/reports.spec.ts;e2e/tests/responsive.spec.ts;e2e/tests/subscriptions.spec.ts;e2e/tests/users.spec.ts;e2e/tests/webhooks.spec.ts","partial-verified"
"GET","/api/ready","system","Backend_Fintech/src/app/app.ts",false,"","Backend_Fintech/src/__tests__/integration/auth.integration.test.ts;Backend_Fintech/src/__tests__/integration/authorization.integration.test.ts;Backend_Fintech/src/__tests__/integration/chargebacks-refunds.integration.test.ts;Backend_Fintech/src/__tests__/integration/checkout.integration.test.ts;Backend_Fintech/src/__tests__/integration/concurrency.integration.test.ts;Backend_Fintech/src/__tests__/integration/database.integration.test.ts;Backend_Fintech/src/__tests__/integration/developer-sandbox.integration.test.ts;Backend_Fintech/src/__tests__/integration/merchants.integration.test.ts;Backend_Fintech/src/__tests__/integration/negative.integration.test.ts;Backend_Fintech/src/__tests__/integration/notifications.integration.test.ts;Backend_Fintech/src/__tests__/integration/payment-transactions.integration.test.ts;Backend_Fintech/src/__tests__/integration/payments.integration.test.ts;Backend_Fintech/src/__tests__/integration/qr-payment-links.integration.test.ts;Backend_Fintech/src/__tests__/integration/reports-audit.integration.test.ts;Backend_Fintech/src/__tests__/integration/subscriptions-invoices.integration.test.ts;Backend_Fintech/src/__tests__/integration/users.integration.test.ts;Backend_Fintech/src/__tests__/integration/webhooks-workers.integration.test.ts","e2e/tests/audit.spec.ts;e2e/tests/auth.spec.ts;e2e/tests/chargebacks.spec.ts;e2e/tests/checkout.spec.ts;e2e/tests/developer-settings.spec.ts;e2e/tests/errors.spec.ts;e2e/tests/merchants.spec.ts;e2e/tests/payment-links.spec.ts;e2e/tests/payments.spec.ts;e2e/tests/qr-payments.spec.ts;e2e/tests/rbac.spec.ts;e2e/tests/reports.spec.ts;e2e/tests/responsive.spec.ts;e2e/tests/subscriptions.spec.ts;e2e/tests/users.spec.ts;e2e/tests/webhooks.spec.ts","partial-verified"
"GET","/api/health","system","Backend_Fintech/src/app/app.ts",false,"","Backend_Fintech/src/__tests__/integration/auth.integration.test.ts;Backend_Fintech/src/__tests__/integration/authorization.integration.test.ts;Backend_Fintech/src/__tests__/integration/chargebacks-refunds.integration.test.ts;Backend_Fintech/src/__tests__/integration/checkout.integration.test.ts;Backend_Fintech/src/__tests__/integration/concurrency.integration.test.ts;Backend_Fintech/src/__tests__/integration/database.integration.test.ts;Backend_Fintech/src/__tests__/integration/developer-sandbox.integration.test.ts;Backend_Fintech/src/__tests__/integration/merchants.integration.test.ts;Backend_Fintech/src/__tests__/integration/negative.integration.test.ts;Backend_Fintech/src/__tests__/integration/notifications.integration.test.ts;Backend_Fintech/src/__tests__/integration/payment-transactions.integration.test.ts;Backend_Fintech/src/__tests__/integration/payments.integration.test.ts;Backend_Fintech/src/__tests__/integration/qr-payment-links.integration.test.ts;Backend_Fintech/src/__tests__/integration/reports-audit.integration.test.ts;Backend_Fintech/src/__tests__/integration/subscriptions-invoices.integration.test.ts;Backend_Fintech/src/__tests__/integration/users.integration.test.ts;Backend_Fintech/src/__tests__/integration/webhooks-workers.integration.test.ts","e2e/tests/audit.spec.ts;e2e/tests/auth.spec.ts;e2e/tests/chargebacks.spec.ts;e2e/tests/checkout.spec.ts;e2e/tests/developer-settings.spec.ts;e2e/tests/errors.spec.ts;e2e/tests/merchants.spec.ts;e2e/tests/payment-links.spec.ts;e2e/tests/payments.spec.ts;e2e/tests/qr-payments.spec.ts;e2e/tests/rbac.spec.ts;e2e/tests/reports.spec.ts;e2e/tests/responsive.spec.ts;e2e/tests/subscriptions.spec.ts;e2e/tests/users.spec.ts;e2e/tests/webhooks.spec.ts","partial-verified"